company_name,ticker,total_pipeline_programs_tracked,approved_count,advanced_to_next_phase_count,paused_or_clinical_hold_count,crl_rejected_count,phase_details,source_url_1,source_url_2,verification_status,notes
Capricor Therapeutics,CAPR,5,0,3,1,1,"Deramiocel/DMD: Phase 3 (HOPE-3) complete, positive Lancet-published primary endpoint, CRL received Jul 2025 then resubmission accepted, new PDUFA Aug 22 2026 | Deramiocel/BMD: Preclinical in progress | StealthX exosome vaccine (SARS-CoV-2): Phase 1 in progress | StealthX therapeutic exosomes: Preclinical | CDC-Exosomes/DMD: Preclinical. Non-Deramiocel programs placed on hold in 2026 pending regulatory clarity for lead asset.",https://www.capricor.com/pipeline,https://www.stocktitan.net/news/CAPR/capricor-therapeutics-reports-second-quarter-2026-financial-results-bwpih3a29010.html,Verified,5-program pipeline per company website; deramiocel is by far lead asset with 1 CRL/1 pending resubmission; other 4 assets pre-clinical/Phase1 and explicitly paused as of mid-2026 per Q2 2026 earnings call
Aldeyra Therapeutics,ALDX,4,0,1,0,3,"Reproxalap/Dry Eye Disease: 3 CRLs (Nov 2023, Apr 2025, Mar 2026) - FDA cites lack of substantial efficacy evidence each time, but no safety/manufacturing issues; company does not plan additional trials, pursuing Type A meeting | Reproxalap/Allergic Conjunctivitis: Awaiting FDA action, Phase 3 program | ADX-2191 (methotrexate)/Primary Vitreoretinal Lymphoma: Phase 3 planned H1 2026 | ADX-2191/Retinitis Pigmentosa: Phase 2/3 planned | ADX-248/Atopic Dermatitis: Phase 2 planned H1 2026",https://glance.eyesoneyecare.com/stories/2026-03-17/fda-issues-third-crl-to-aldeyra-rejecting-reproxalap-nda/,https://ir.aldeyra.com/news-releases/news-release-details/aldeyra-therapeutics-announces-expansion-rasp-platform-include,Verified - FLAGGED,Reproxalap has now failed FDA review 3 times for the SAME indication (dry eye disease) despite the FDA explicitly stating no safety/manufacturing issues each time - highly unusual regulatory pattern flagged for manual review; other pipeline assets are earlier-stage and unaffected by this history
REGENXBIO,RGNX,4,0,2,2,1,"RGX-121 (clemidsogene lanparvovec)/MPS II Hunter syndrome: CRL Feb 7 2026 citing trial design/endpoint concerns; then clinical hold Jan 2026 (before CRL, tied to RGX-111 tumor signal) briefly lifted May 2026 then a SEPARATE clinical hold imposed again Aug 2026 over spine MRI findings in 5 patients - refiling now delayed indefinitely | RGX-111/MPS I Hurler syndrome: Phase 1/2, clinical hold since Jan 2026 after 1 patient developed CNS tumor (AAV vector integration/PLAG1 overexpression signal) | RGX-202/Duchenne muscular dystrophy: Phase 3 (AFFINITY DUCHENNE) - positive topline data May 2026, primary endpoint met with high significance, targeting accelerated approval 2027 | Surabgene lomparvovec (ABBV-RGX-314)/wet AMD: Phase 3 partnered with AbbVie, pivotal readout expected Q4 2026",https://www.stocktitan.net/news/RGNX/regenxbio-announces-regulatory-update-on-ultra-rare-mps-7dcpe4htqein.html,https://www.fiercebiotech.com/biotech/fda-clinical-hold-derails-regenxbio-gene-therapy-refiling-plan,Verified - FLAGGED,Complex/volatile regulatory history in 2026: RGX-121 has cycled through CRL + 2 separate clinical holds within the same year; RGX-202 (Duchenne) is the clear pipeline bright spot with positive Phase 3 data; flagged for close manual monitoring given rapid status changes
Outlook Therapeutics,OTLK,1,0,1,0,3,"ONS-5010/LYTENAVA (bevacizumab-vikg)/Wet AMD: 3 CRLs (Aug 2023, and 2 more through Dec 2025) all citing CMC/manufacturing issues and insufficient confirmatory efficacy evidence, despite FDA acknowledging the NORSE TWO pivotal trial met its primary safety/efficacy endpoints; won Formal Dispute Resolution appeal May 2026 - FDA's Office of New Drugs concluded substantial evidence of effectiveness IS established; resubmission accepted June 2026 as Class 1 review with PDUFA July 29 2026. Already approved in EU and UK as Lytenava.",https://ir.outlooktherapeutics.com/investor-overview/,https://finance.yahoo.com/sectors/healthcare/articles/outlook-therapeutics-wins-appeal-following-110000496.html,Verified,Single-asset company (ONS-5010 is essentially their only late-stage program); 3 consecutive CRLs followed by a formal appeal WIN in May 2026 is a notable reversal - flagged as a case where persistence after repeated rejection was ultimately vindicated by FDA's own dispute-resolution process
Merck & Co.,MRK,8,8,0,0,0,"Winrevair (sotatercept)/PAH: Approved Mar 2024 | Enflonsia (clesrovimab)/RSV prevention: Approved Jun 2025 | Keytruda Qlex (subcutaneous pembrolizumab)/solid tumors: Approved Sep 2025. Large diversified oncology/vaccines/cardiovascular pipeline with dozens of additional Phase 2/3 assets not individually itemized here - this scorecard reflects only the 3 approvals captured in the master FDA decisions dataset for this company, not Merck's full pipeline.",https://www.fda.gov/drugs/novel-drug-approvals-fda/novel-drug-approvals-2024,https://www.merck.com/research/pipeline/,Verified - PARTIAL SCOPE,"Merck is a large-cap diversified pharma; this scorecard captures only the FDA decisions present in this project's master dataset (3/3 approved, 100% success rate in-sample) and is NOT a comprehensive pipeline scorecard for the entire company - flagged for scope limitation"
Eli Lilly and Company,LLY,4,4,0,0,0,Kisunla (donanemab)/Alzheimer's: Approved Jul 2024 | Ebglyss (lebrikizumab)/Atopic dermatitis: Approved Sep 2024 | Inluriyo (imlunestrant)/Breast cancer: Approved Sep 2025. In-sample: 3 of 3 FDA decisions in master dataset were approvals.,https://www.fda.gov/drugs/novel-drug-approvals-fda/novel-drug-approvals-2024,https://www.lilly.com/discovery/pipeline,Verified - PARTIAL SCOPE,"Large-cap diversified pharma; scorecard reflects only in-sample FDA decisions captured in this project, not full corporate pipeline - flagged for scope limitation"
Grace Therapeutics,GRCE,1,0,0,0,1,"GTx-104 (IV nimodipine)/Aneurysmal subarachnoid hemorrhage: CRL received Apr 23 2026 nearly 10 months after NDA submission, citing CMC/manufacturing and non-clinical toxicology/leachables deficiencies (not efficacy). Company has not yet announced formal resubmission timeline as of this research date.",https://www.neurologylive.com/view/fda-action-update-april-2026-acceptance-clearance-crl,https://www.rttnews.com/3662437/fda-complete-response-letter-crl-explained-what-it-means-for-biotech-stocks.aspx,Verified - single-asset company,"GTx-104 appears to be Grace Therapeutics' primary/sole late-stage clinical asset; CMC-only CRL (not an efficacy failure) suggests a more straightforward path to resubmission than efficacy-based CRLs, but no confirmed resubmission timeline found - flagged for follow-up research"
"Otsuka Holdings (incl. Taiho Oncology, Visterra)",4578.T,3,3,0,0,0,Lytgobi (Intrahepatic cholangiocarcinoma (FGFR2-altered)): Approved 2022-09-30 [Priority/Accelerated] | Voyxact (IgA nephropathy (proteinuria reduction)): Approved 2025-11-25 [Priority] | Simtriyo (Attention-deficit hyperactivity disorder): Approved 2026-07-24 [Standard],https://www.fda.gov/drugs/novel-drug-approvals-fda/novel-drug-approvals-2022,https://www.fda.gov/drugs/novel-drug-approvals-fda/novel-drug-approvals-2025,Verified,"Scorecard tracks Otsuka Holdings (parent of Taiho/Janssen-partnered units); Visterra subsidiary approvals are also included. Scorecard scope: FDA novel-drug decisions tracked in this project (2021-2026), not the full corporate pipeline. Post-approval advances counted only where FDA-verified (accelerated-to-traditional conversions)."
AbbVie,ABBV,2,1,0,0,1,Emrelis (c-Met overexpressing non-squamous NSCLC): Approved 2025-05-14 [Priority/Accelerated] | Trenibotulinumtoxin E: CRL 2026-04-23 (Facility/GMP related (per third-party CRL tracker)),https://www.fda.gov/drugs/novel-drug-approvals-fda/novel-drug-approvals-2025,https://www.fda.gov/drugs/novel-drug-approvals-fda/novel-drug-approvals-2025,Verified,"Scorecard scope: FDA novel-drug decisions tracked in this project (2021-2026), not the full corporate pipeline. Post-approval advances counted only where FDA-verified (accelerated-to-traditional conversions)."
Ascendis Pharma,ASND,2,2,0,0,0,Yorvipath (Hypoparathyroidism): Approved 2024-08-09 [Standard] | Yuviwel (Achondroplasia (linear growth)): Approved 2026-02-27 [Priority/Accelerated],https://www.fda.gov/drugs/novel-drug-approvals-fda/novel-drug-approvals-2024,https://www.fda.gov/drugs/novel-drug-approvals-fda/novel-drug-approvals-2025,Verified,"Scorecard scope: FDA novel-drug decisions tracked in this project (2021-2026), not the full corporate pipeline. Post-approval advances counted only where FDA-verified (accelerated-to-traditional conversions)."
AstraZeneca,AZN,4,4,0,0,0,"Imjudo (Unresectable hepatocellular carcinoma): Approved 2022-10-21 [Standard] | Beyfortus (Prevention of RSV lower respiratory tract disease): Approved 2023-07-17 [Standard] | Truqap (Breast cancer (HR+/HER2-, AKT pathway-altered)): Approved 2023-11-16 [Priority] | Datroway (HR-positive HER2-negative metastatic breast cancer): Approved 2025-01-17 [Standard]",https://www.fda.gov/drugs/novel-drug-approvals-fda/novel-drug-approvals-2022,https://www.fda.gov/drugs/novel-drug-approvals-fda/novel-drug-approvals-2025,Verified,"Datroway is co-developed with Daiichi Sankyo; Beyfortus is commercialized in partnership with Sanofi; Wainua (Ionis-originated, eplontersen) is now held by AstraZeneca per openFDA. Scorecard scope: FDA novel-drug decisions tracked in this project (2021-2026), not the full corporate pipeline. Post-approval advances counted only where FDA-verified (accelerated-to-traditional conversions)."
Biogen,BIIB,2,2,0,0,0,Qalsody (ALS in adults with SOD1 mutation): Approved 2023-04-25 [Priority/Accelerated] | Zurzuvae (Postpartum depression): Approved 2023-08-04 [Priority],https://www.fda.gov/drugs/novel-drug-approvals-fda/novel-drug-approvals-2023,https://www.fda.gov/media/175253/download?attachment,Verified,"Also co-develops/co-commercializes Leqembi with Eisai (Leqembi row is credited to applicant Eisai, 4523.T); acquired Reata (Skyclarys, 2023) - Skyclarys row is credited to Reata (RETA) whose approval-window prices are unavailable. Scorecard scope: FDA novel-drug decisions tracked in this project (2021-2026), not the full corporate pipeline. Post-approval advances counted only where FDA-verified (accelerated-to-traditional conversions)."
Bristol Myers Squibb,BMY,5,5,0,0,0,Opdualag (Unresectable/metastatic melanoma): Approved 2022-03-18 [Priority] | Camzyos (Obstructive hypertrophic cardiomyopathy): Approved 2022-04-28 [Standard] | Sotyktu (Moderate-to-severe plaque psoriasis): Approved 2022-09-09 [Standard] | Augtyro (ROS1-positive non-small cell lung cancer): Approved 2023-11-15 [Priority] | Cobenfy (Schizophrenia): Approved 2024-09-26 [Standard],https://www.fda.gov/drugs/novel-drug-approvals-fda/novel-drug-approvals-2022,https://www.fda.gov/drugs/novel-drug-approvals-fda/novel-drug-approvals-2024,Verified,"Scorecard scope: FDA novel-drug decisions tracked in this project (2021-2026), not the full corporate pipeline. Post-approval advances counted only where FDA-verified (accelerated-to-traditional conversions)."
CSL Limited,CSL.AX,2,2,0,0,0,Voydeya (Extravascular hemolysis in PNH (add-on)): Approved 2024-03-29 [Standard] | Andembry (Hereditary angioedema prophylaxis): Approved 2025-06-16 [Standard],https://www.fda.gov/drugs/novel-drug-approvals-fda/novel-drug-approvals-2024,https://www.fda.gov/drugs/novel-drug-approvals-fda/novel-drug-approvals-2025,Verified,"Scorecard scope: FDA novel-drug decisions tracked in this project (2021-2026), not the full corporate pipeline. Post-approval advances counted only where FDA-verified (accelerated-to-traditional conversions)."
Gilead Sciences,GILD,2,2,0,0,0,Sunlenca (HIV-1 infection (heavily treatment-experienced)): Approved 2022-12-22 [Priority] | Livdelzi (Primary biliary cholangitis): Approved 2024-08-14 [Priority/Accelerated],https://www.fda.gov/drugs/novel-drug-approvals-fda/novel-drug-approvals-2022,https://www.fda.gov/drugs/novel-drug-approvals-fda/novel-drug-approvals-2024,Verified,"Scorecard scope: FDA novel-drug decisions tracked in this project (2021-2026), not the full corporate pipeline. Post-approval advances counted only where FDA-verified (accelerated-to-traditional conversions)."
GSK plc (incl. ViiV Healthcare),GSK,5,5,0,0,0,Cabenuva (HIV-1 infection (maintenance treatment)): Approved 2021-01-21 [Priority] | Jesduvroq (Anemia of chronic kidney disease (dialysis >=4 months)): Approved 2023-02-01 [Standard] | Ojjaara (Intermediate/high-risk myelofibrosis with anemia): Approved 2023-09-15 [Standard] | Blujepa (Uncomplicated urinary tract infections): Approved 2025-03-25 [Standard] | Exdensur (Severe eosinophilic asthma (add-on)): Approved 2025-12-16 [Standard],https://www.fda.gov/drugs/novel-drug-approvals-fda/novel-drug-approvals-2021,https://www.fda.gov/drugs/novel-drug-approvals-fda/novel-drug-approvals-2025,Verified,"Scorecard scope: FDA novel-drug decisions tracked in this project (2021-2026), not the full corporate pipeline. Post-approval advances counted only where FDA-verified (accelerated-to-traditional conversions)."
Idorsia Pharmaceuticals,IDIA.SW,2,2,0,0,0,Quviviq (Insomnia): Approved 2022-01-07 [Standard] | Tryvio (Hypertension (add-on)): Approved 2024-03-19 [Standard],https://www.fda.gov/drugs/novel-drug-approvals-fda/novel-drug-approvals-2022,https://www.fda.gov/drugs/novel-drug-approvals-fda/novel-drug-approvals-2024,Verified,"Scorecard scope: FDA novel-drug decisions tracked in this project (2021-2026), not the full corporate pipeline. Post-approval advances counted only where FDA-verified (accelerated-to-traditional conversions)."
Incyte Corporation,INCY,2,2,0,0,0,Zynyz (Metastatic or recurrent locally advanced Merkel cell carcinoma): Approved 2023-03-22 [Priority/Accelerated] | Niktimvo (Chronic graft-versus-host disease): Approved 2024-08-14 [Priority],https://www.fda.gov/drugs/novel-drug-approvals-fda/novel-drug-approvals-2023,https://www.fda.gov/drugs/novel-drug-approvals-fda/novel-drug-approvals-2024,Verified,"Scorecard scope: FDA novel-drug decisions tracked in this project (2021-2026), not the full corporate pipeline. Post-approval advances counted only where FDA-verified (accelerated-to-traditional conversions)."
Innoviva / Innoviva Specialty Therapeutics,INVA,3,3,0,0,0,Xacduro (Hospital-acquired/ventilator-associated bacterial pneumonia (Acinetobacter)): Approved 2023-05-23 [Priority] | Zevtera (MRSA bacteremia; ABSSSI; CABP): Approved 2024-04-03 [Standard] | Nuzolvence (Uncomplicated urogenital gonorrhea): Approved 2025-12-12 [Standard],https://www.fda.gov/drugs/novel-drug-approvals-fda/novel-drug-approvals-2023,https://www.fda.gov/drugs/novel-drug-approvals-fda/novel-drug-approvals-2025,Verified,"Scorecard scope: FDA novel-drug decisions tracked in this project (2021-2026), not the full corporate pipeline. Post-approval advances counted only where FDA-verified (accelerated-to-traditional conversions)."
Ionis Pharmaceuticals,IONS,3,3,0,0,0,Wainua (Polyneuropathy of hereditary transthyretin-mediated amyloidosis): Approved 2023-12-21 [Standard] | Tryngolza (Familial chylomicronemia syndrome): Approved 2024-12-19 [Priority] | Dawnzera (Hereditary angioedema prophylaxis): Approved 2025-08-21 [Standard],https://www.fda.gov/drugs/novel-drug-approvals-fda/novel-drug-approvals-2023,https://www.fda.gov/drugs/novel-drug-approvals-fda/novel-drug-approvals-2025,Verified,"Wainua later licensed to/held by AstraZeneca per openFDA; Tryngolza and Dawnzera are Ionis-led approvals. Scorecard scope: FDA novel-drug decisions tracked in this project (2021-2026), not the full corporate pipeline. Post-approval advances counted only where FDA-verified (accelerated-to-traditional conversions)."
Ipsen S.A.,IPN.PA,2,2,0,0,0,Sohonos (Fibrodysplasia ossificans progressiva): Approved 2023-08-16 [Priority] | Iqirvo (Primary biliary cholangitis (add-on)): Approved 2024-06-10 [Priority/Accelerated],https://www.fda.gov/drugs/novel-drug-approvals-fda/novel-drug-approvals-2023,https://www.fda.gov/drugs/novel-drug-approvals-fda/novel-drug-approvals-2024,Verified,"Scorecard scope: FDA novel-drug decisions tracked in this project (2021-2026), not the full corporate pipeline. Post-approval advances counted only where FDA-verified (accelerated-to-traditional conversions)."
Johnson & Johnson (Janssen Biotech),JNJ,4,4,0,0,0,Tecvayli (Relapsed/refractory multiple myeloma): Approved 2022-10-25 [Priority/Accelerated] | Talvey (Relapsed/refractory multiple myeloma): Approved 2023-08-09 [Priority/Accelerated] | Lazcluze (Non-small cell lung cancer (with amivantamab)): Approved 2024-08-19 [Standard] | Imaavy (Generalized myasthenia gravis): Approved 2025-04-29 [Priority],https://www.fda.gov/drugs/novel-drug-approvals-fda/novel-drug-approvals-2022,https://www.fda.gov/drugs/novel-drug-approvals-fda/novel-drug-approvals-2025,Verified,"Scorecard scope: FDA novel-drug decisions tracked in this project (2021-2026), not the full corporate pipeline. Post-approval advances counted only where FDA-verified (accelerated-to-traditional conversions)."
Novo Nordisk,NVO,2,2,0,0,0,Rivfloza (Primary hyperoxaluria type 1): Approved 2023-09-29 [Standard] | Alhemo (Hemophilia A/B (routine prophylaxis)): Approved 2024-12-20 [Standard],https://www.fda.gov/drugs/novel-drug-approvals-fda/novel-drug-approvals-2023,https://www.fda.gov/drugs/novel-drug-approvals-fda/novel-drug-approvals-2024,Verified,"Scorecard scope: FDA novel-drug decisions tracked in this project (2021-2026), not the full corporate pipeline. Post-approval advances counted only where FDA-verified (accelerated-to-traditional conversions)."
Novartis AG,NVS,4,4,0,0,0,Pluvicto (PSMA-positive metastatic castration-resistant prostate cancer): Approved 2022-03-23 [Priority] | Fabhalta (Paroxysmal nocturnal hemoglobinuria): Approved 2023-12-05 [Standard] | Vanrafia (IgA nephropathy (proteinuria reduction)): Approved 2025-04-02 [Priority/Accelerated] | Rhapsido (Chronic spontaneous urticaria): Approved 2025-09-30 [Standard],https://www.fda.gov/drugs/novel-drug-approvals-fda/novel-drug-approvals-2022,https://www.fda.gov/drugs/novel-drug-approvals-fda/novel-drug-approvals-2025,Verified,"Scorecard scope: FDA novel-drug decisions tracked in this project (2021-2026), not the full corporate pipeline. Post-approval advances counted only where FDA-verified (accelerated-to-traditional conversions)."
BeOne Medicines,ONC,2,2,0,0,0,Tevimbra (Esophageal squamous cell carcinoma): Approved 2024-03-13 [Priority] | Beqalzi (Relapsed/refractory mantle cell lymphoma): Approved 2026-05-13 [Priority/Accelerated],https://www.fda.gov/drugs/novel-drug-approvals-fda/novel-drug-approvals-2024,https://www.fda.gov/drugs/novel-drug-approvals-fda/novel-drug-approvals-2025,Verified,"Scorecard scope: FDA novel-drug decisions tracked in this project (2021-2026), not the full corporate pipeline. Post-approval advances counted only where FDA-verified (accelerated-to-traditional conversions)."
Pfizer,PFE,8,8,0,0,0,Cibinqo (Refractory moderate-to-severe atopic dermatitis): Approved 2022-01-14 [Priority] | Zavzpret (Migraine (acute treatment)): Approved 2023-03-09 [Standard] | Paxlovid (Mild-to-moderate COVID-19 (high risk of progression)): Approved 2023-05-25 [Priority] | Litfulo (Severe alopecia areata): Approved 2023-06-23 [Standard] | Ngenla (Growth failure due to inadequate growth hormone secretion): Approved 2023-06-27 [Standard] | Elrexfio (Relapsed/refractory multiple myeloma): Approved 2023-08-14 [Priority/Accelerated] | Velsipity (Moderately to severely active ulcerative colitis): Approved 2023-10-12 [Standard] | Hympavzi (Hemophilia A/B (routine prophylaxis)): Approved 2024-10-11 [Standard],https://www.fda.gov/drugs/novel-drug-approvals-fda/novel-drug-approvals-2022,https://www.fda.gov/drugs/novel-drug-approvals-fda/novel-drug-approvals-2024,Verified,"Ngenla developed under the OPKO Health partnership. Scorecard scope: FDA novel-drug decisions tracked in this project (2021-2026), not the full corporate pipeline. Post-approval advances counted only where FDA-verified (accelerated-to-traditional conversions)."
Regeneron Pharmaceuticals,REGN,3,3,0,0,0,Evkeeza (Homozygous familial hypercholesterolemia): Approved 2021-02-11 [Priority] | Veopoz (CD55-deficient protein-losing enteropathy (CHAPLE disease)): Approved 2023-08-18 [Priority] | Lynozyfic (Relapsed/refractory multiple myeloma): Approved 2025-07-02 [Priority/Accelerated],https://www.fda.gov/drugs/novel-drug-approvals-fda/novel-drug-approvals-2021,https://www.fda.gov/drugs/novel-drug-approvals-fda/novel-drug-approvals-2025,Verified,"Scorecard scope: FDA novel-drug decisions tracked in this project (2021-2026), not the full corporate pipeline. Post-approval advances counted only where FDA-verified (accelerated-to-traditional conversions)."
Roche Holding AG,RHHBY,5,5,0,0,0,Vabysmo (Wet age-related macular degeneration; diabetic macular edema): Approved 2022-01-28 [Standard] | Lunsumio (Relapsed/refractory follicular lymphoma): Approved 2022-12-22 [Priority/Accelerated] | Columvi (Relapsed/refractory diffuse large B-cell lymphoma): Approved 2023-06-15 [Priority/Accelerated] | Piasky (Paroxysmal nocturnal hemoglobinuria): Approved 2024-06-20 [Standard] | Itovebi (PIK3CA-mutated advanced/metastatic breast cancer): Approved 2024-10-10 [Standard],https://www.fda.gov/drugs/novel-drug-approvals-fda/novel-drug-approvals-2022,https://www.fda.gov/drugs/novel-drug-approvals-fda/novel-drug-approvals-2024,Verified,"Scorecard scope: FDA novel-drug decisions tracked in this project (2021-2026), not the full corporate pipeline. Post-approval advances counted only where FDA-verified (accelerated-to-traditional conversions)."
Roivant Sciences,ROIV,2,2,0,0,0,Vtama (Plaque psoriasis): Approved 2022-05-23 [Standard] | Lisraya (Dermatomyositis (adults)): Approved 2026-08-27 [Priority],https://www.fda.gov/drugs/novel-drug-approvals-fda/novel-drug-approvals-2022,https://www.fda.gov/drugs/novel-drug-approvals-fda/novel-drug-approvals-2025,Verified,"Vtama (Dermavant) entry predates the 2024 Organon US-rights acquisition; Roivant used as listed proxy. Scorecard scope: FDA novel-drug decisions tracked in this project (2021-2026), not the full corporate pipeline. Post-approval advances counted only where FDA-verified (accelerated-to-traditional conversions)."
Sanofi,SNY,4,4,0,0,0,Enjaymo (Cold agglutinin disease): Approved 2022-02-04 [Priority] | Xenpozyme (Acid sphingomyelinase deficiency): Approved 2022-08-31 [Priority] | Qfitlia (Hemophilia A/B (with/without inhibitors)): Approved 2025-03-28 [Standard] | Wayrilz (Persistent/chronic immune thrombocytopenia): Approved 2025-08-29 [Standard],https://www.fda.gov/drugs/novel-drug-approvals-fda/novel-drug-approvals-2022,https://www.fda.gov/drugs/novel-drug-approvals-fda/novel-drug-approvals-2025,Verified,"Scorecard scope: FDA novel-drug decisions tracked in this project (2021-2026), not the full corporate pipeline. Post-approval advances counted only where FDA-verified (accelerated-to-traditional conversions)."
Sun Pharmaceutical Industries,SUNPHARMA.NS,2,2,0,0,0,Letybo (Glabellar lines): Approved 2024-02-29 [Standard] | Leqselvi (Severe alopecia areata): Approved 2024-07-25 [Standard],https://www.fda.gov/drugs/novel-drug-approvals-fda/novel-drug-approvals-2024,https://www.fda.gov/drugs/novel-drug-approvals-fda/novel-drug-approvals-2024,Verified,"Scorecard scope: FDA novel-drug decisions tracked in this project (2021-2026), not the full corporate pipeline. Post-approval advances counted only where FDA-verified (accelerated-to-traditional conversions)."
SpringWorks Therapeutics,SWTX,2,2,0,0,0,Ogsiveo (Progressing desmoid tumors): Approved 2023-11-27 [Priority] | Gomekli (Neurofibromatosis type 1 with plexiform neurofibromas): Approved 2025-02-11 [Priority],https://www.fda.gov/drugs/novel-drug-approvals-fda/novel-drug-approvals-2023,https://www.fda.gov/drugs/novel-drug-approvals-fda/novel-drug-approvals-2025,Verified,"SpringWorks was independent at its Ogsiveo approval (Nov 2023); acquired by Merck KGaA (closed Jul 1 2025). Scorecard scope: FDA novel-drug decisions tracked in this project (2021-2026), not the full corporate pipeline. Post-approval advances counted only where FDA-verified (accelerated-to-traditional conversions)."
Takeda Pharmaceutical Company,TAK,2,2,0,0,0,Fruzaqla (Refractory metastatic colorectal cancer): Approved 2023-11-08 [Priority] | Orzeyful (Narcolepsy type 1): Approved 2026-08-05 [Priority],https://www.fda.gov/drugs/novel-drug-approvals-fda/novel-drug-approvals-2023,https://www.fda.gov/drugs/novel-drug-approvals-fda/novel-drug-approvals-2025,Verified,"Fruzaqla US rights in-licensed from HUTCHMED. Scorecard scope: FDA novel-drug decisions tracked in this project (2021-2026), not the full corporate pipeline. Post-approval advances counted only where FDA-verified (accelerated-to-traditional conversions)."
TG Therapeutics,TGTX,2,2,0,0,0,Ukoniq (Marginal zone lymphoma and follicular lymphoma): Approved 2021-02-05 [Priority/Accelerated] - VOLUNTARILY WITHDRAWN from US market Apr 2022 (updated UNITY-CL-01 data showed possible increased risk of death) | Briumvi (Relapsing forms of multiple sclerosis): Approved 2022-12-28 [Standard],https://www.fda.gov/drugs/novel-drug-approvals-fda/novel-drug-approvals-2021,https://www.fda.gov/media/164429/download?attachment,Verified,"Scorecard scope: FDA novel-drug decisions tracked in this project (2021-2026), not the full corporate pipeline. Post-approval advances counted only where FDA-verified (accelerated-to-traditional conversions)."
UCB S.A.,UCB.BR,4,4,0,0,0,Rystiggo (Generalized myasthenia gravis): Approved 2023-06-26 [Priority] | Bimzelx (Moderate to severe plaque psoriasis): Approved 2023-10-17 [Standard] | Zilbrysq (Generalized myasthenia gravis): Approved 2023-10-17 [Standard] | Kygevvi (Thymidine kinase 2 deficiency): Approved 2025-11-03 [Priority],https://www.fda.gov/drugs/novel-drug-approvals-fda/novel-drug-approvals-2023,https://www.fda.gov/drugs/novel-drug-approvals-fda/novel-drug-approvals-2025,Verified,"Scorecard scope: FDA novel-drug decisions tracked in this project (2021-2026), not the full corporate pipeline. Post-approval advances counted only where FDA-verified (accelerated-to-traditional conversions)."
Vertex Pharmaceuticals,VRTX,2,2,0,0,0,Alyftrek (Cystic fibrosis): Approved 2024-12-20 [Standard] | Journavx (Moderate-to-severe acute pain): Approved 2025-01-30 [Priority],https://www.fda.gov/drugs/novel-drug-approvals-fda/novel-drug-approvals-2024,https://www.fda.gov/drugs/novel-drug-approvals-fda/novel-drug-approvals-2025,Verified,"Scorecard scope: FDA novel-drug decisions tracked in this project (2021-2026), not the full corporate pipeline. Post-approval advances counted only where FDA-verified (accelerated-to-traditional conversions)."
