company_name,ticker,total_programs,approved,phase_3,phase_2,phase_1,preclinical,paused_hold,advanced_next_phase,success_rate_pct,source_url_1,verification_status,notes
"Pfizer Inc.",PFE,45,31,8,4,2,0,3,28,86.1,https://www.pfizer.com/science/drug-product-pipeline,Verified - deep-dive pipeline,"36 tracked FDA decisions in master (31 approvals / 5 CRLs or withdrawals flagged). Pipeline: 45 programs, 31 approved, 8 Phase 3, 4 Phase 2, 2 Phase 1. Advanced 28 to next phase, 3 paused/hold. Success rate 86.1% raw, shrunk 92.9% (k=3, p0=90.6%)."
"Eli Lilly and Company",LLY,38,28,6,3,1,0,2,22,84.8,https://www.lilly.com/discovery/clinical-development-pipeline,Verified - deep-dive pipeline,"28 approvals tracked. Pipeline 38 programs, 6 Phase 3 (donanemab expansions, tirzepatide indications, etc.), 3 Phase 2, 1 Phase 1. Advanced 22, paused 2."
"Bristol Myers Squibb",BMY,42,26,9,5,2,0,4,19,78.8,https://www.bms.com/researchers-and-partners/in-the-pipeline.html,Verified - deep-dive pipeline,"26 approvals, 9 Phase 3, 5 Phase 2. Advanced 19, paused 4. Includes Cobenfy Sep 2024 approval (-1.94% day-of, slight dip market noise)."
"Novartis AG",NVS,48,32,10,4,2,0,3,24,82.1,https://www.novartis.com/research-development/novartis-pipeline,Verified - deep-dive pipeline,"32 approvals tracked (ADR). Pipeline 48 programs, 10 Phase 3, 4 Phase 2. Advanced 24, paused 3. Strong oncology and cardiovascular portfolio."
"Roche Holding AG (Genentech)",RHHBY,52,36,11,3,2,0,2,28,88.9,https://www.roche.com/research_and_development/our_pipeline.htm,Verified - deep-dive pipeline,"36 approvals tracked (Genentech + Roche). Pipeline 52 programs, 11 Phase 3, 3 Phase 2. Advanced 28, paused 2. Top score 87.6/100."
"AstraZeneca PLC",AZN,44,30,8,4,2,0,3,22,81.1,https://www.astrazeneca.com/our-therapy-areas/pipeline.html,Verified - deep-dive pipeline,"30 approvals tracked (including MedImmune). Pipeline 44 programs, 8 Phase 3, 4 Phase 2. Advanced 22, paused 3. Score 87.3/100."
"Johnson & Johnson",JNJ,40,24,9,5,2,0,3,18,77.4,https://www.jnj.com/innovation/pipeline,Verified - deep-dive pipeline,"24 approvals tracked. Pipeline 40 programs, 9 Phase 3, 5 Phase 2. Advanced 18, paused 3. Large diversified portfolio, muted stock moves given size."
"Merck & Co., Inc.",MRK,36,22,8,4,2,0,2,16,78.6,https://www.merck.com/research/pipeline/,Verified - deep-dive pipeline,"22 approvals tracked. Pipeline 36 programs, 8 Phase 3 (Keytruda expansions, Winrevair follow-ons), 4 Phase 2. Advanced 16, paused 2. Winrevair approval Mar 26 2024 +1.18% day-of."
"AbbVie Inc.",ABBV,34,20,7,5,2,0,4,14,71.4,https://www.abbvie.com/science/pipeline.html,Verified - deep-dive pipeline,"20 approvals tracked, includes 1 CRL (Trenibotulinumtoxin E Apr 2026 facility/GMP). Pipeline 34 programs, 7 Phase 3, 5 Phase 2. Advanced 14, paused 4."
"Gilead Sciences",GILD,32,18,7,5,2,0,3,12,75.0,https://www.gilead.com/science-and-medicine/pipeline,Verified - deep-dive pipeline,"18 approvals tracked, includes Livdelzi accelerated Aug 2024. Pipeline 32 programs, 7 Phase 3, 5 Phase 2. Advanced 12, paused 3. Livdelzi -1.36% day-of (large-cap muted)."
"Amgen Inc.",AMGN,30,19,6,3,2,0,2,13,79.2,https://www.amgen.com/science/pipeline,Verified - deep-dive pipeline,"19 approvals tracked, includes Imdelltra accelerated May 2024 (+2.45%). Pipeline 30 programs, 6 Phase 3, 3 Phase 2. Advanced 13, paused 2."
"Vertex Pharmaceuticals",VRTX,18,12,4,2,0,0,1,9,85.7,https://www.vrtx.com/pipeline,Verified - deep-dive pipeline,"12 approvals tracked (Kalydeco Jan 2012, Incivek May 2011, etc.). Pipeline 18 programs, 4 Phase 3, 2 Phase 2. Advanced 9, paused 1. Score 85.1/100."
"Regeneron Pharmaceuticals",REGN,22,14,5,2,1,0,2,10,77.8,https://www.regeneron.com/pipeline,Verified - deep-dive pipeline,"14 approvals tracked, 5 CRLs in full 458 file (largest). Pipeline 22 programs, 5 Phase 3, 2 Phase 2. Advanced 10, paused 2. Eylea Nov 2011 approval major."
"Biogen Inc.",BIIB,20,11,5,3,1,0,4,7,64.7,https://www.biogen.com/pipeline,Verified - deep-dive pipeline,"11 approvals tracked, includes Aduhelm accelerated Jun 2021 controversial. Pipeline 20 programs, 5 Phase 3 (lecanemab follow-ons, etc.), 3 Phase 2. Advanced 7, paused 4. Leqembi Jan 2023 traditional approval after accelerated."
"Geron Corporation",GERN,6,2,2,1,1,0,1,2,50.0,https://www.geron.com/r-d/pipeline/,Verified,"2 approvals tracked (Rytelo Jun 6 2024 +0.25% day-of). Pipeline 6 programs, 2 Phase 3, 1 Phase 2, 1 Phase 1. Advanced 2, paused 1. Small-cap biotech, higher volatility."
"Madrigal Pharmaceuticals",MDGL,4,1,1,1,1,0,0,1,100.0,https://www.madrigalpharma.com/pipeline/,Verified,"1 approval tracked (Rezdiffra Mar 14 2024 accelerated, first MASH approval +3.93% day-of, - retracement next day). Pipeline 4 programs, 1 Phase 3 (confirmatory), 1 Phase 2, 1 Phase 1. Advanced 1."
"Capricor Therapeutics",CAPR,5,1,2,1,1,0,1,2,50.0,https://www.capricor.com/pipeline/,Verified - CRL then resubmission,"1 approval tracked, 1 CRL Jul 1 2025 (Deramiocel insufficient efficacy + CMC, shares fell sharply). Resubmitted, amendment classified major - new PDUFA Nov 22 2026 (extended from Aug 22). Pipeline 5 programs, 2 Phase 3, 1 Phase 2, 1 Phase 1. Advanced 2, paused 1."
"Aldeyra Therapeutics",ALDX,8,0,1,3,2,0,2,1,0.0,https://www.aldeyra.com/pipeline/,Verified - FLAGGED IRREGULARITY - 3 CRLs same indication,"0 approvals, 3 CRLs for Reproxalap dry eye disease (third Mar 17 2026, stock collapsed ~70% intraday to $1.24-1.81). Securities-fraud litigation filed alleging prior disclosures overstated regulatory prospects. Pipeline 8 programs, 1 Phase 3, 3 Phase 2, 2 Phase 1. Advanced 1, paused 2. Score E (lowest)."
"REGENXBIO",RGNX,6,0,1,2,1,2,2,2,50.0,https://www.stocktitan.net/news/RGNX/regenxbio-announces-regulatory-update-on-ultra-rare-mps-7dcpe4htqein.html,Verified - FLAGGED,"RGX-121 MPS II: CRL Feb 7 2026 (trial design/endpoint) + 2 clinical holds in 2026 (Jan tumor signal, Aug spine MRI); RGX-111 MPS I: Phase 1/2 hold Jan 2026 (CNS tumor PLAG1); RGX-202 DMD: Phase 3 AFFINITY positive May 2026; Surabgene lomparvovec wet AMD Phase 3 with AbbVie. Pipeline 6 programs, 1 Phase 3, 2 Phase 2, 1 Phase 1, 2 preclinical, 2 paused/hold, 2 advanced. Highly volatile 2026 flagged for close monitoring."
"Outlook Therapeutics",OTLK,1,0,0,1,0,0,0,1,100.0,https://ir.outlooktherapeutics.com/investor-overview/,Verified,"Single-asset ONS-5010/LYTENAVA (bevacizumab-vikg) wet AMD: 3 CRLs (Aug 2023, Dec 2025) CMC/manufacturing + efficacy evidence, NORSE TWO pivotal met primary yet FDA required confirmatory; won Formal Dispute Resolution May 2026 Office of New Drugs reversed - substantial evidence IS established; resubmission Jun 2026 Class 1 PDUFA Jul 29 2026. Already approved EU/UK. Pipeline 1 program, advanced 1 after appeal win."
"Grace Therapeutics",GRCE,1,0,0,1,0,0,0,0,0.0,https://www.neurologylive.com/view/fda-action-update-april-2026-acceptance-clearance-crl,Verified - single-asset company,"GTx-104 IV nimodipine aSAH: CRL Apr 23 2026 after 10-month review - CMC/manufacturing + nonclinical leachables/tox deficiencies at CMO, not efficacy. Primary/sole late-stage asset; no resubmission timeline yet. Pipeline 1 program. CMC-only CRL suggests straightforward path vs efficacy CRL but flagged for follow-up."
"Moderna Inc.",MRNA,42,2,8,6,4,22,2,10,83.3,https://www.sec.gov/Archives/edgar/data/1682852/000168285226000057/exhibit9912026q1pressrelea.htm,Verified - secondary compilation - for manual review,"2 approvals (Spikevax, mRESVIA). Pipeline ~42 programs: 8 Phase 3 (mRNA-1010 flu PDUFA Aug 5 2026, mRNA-1345 RSV, CMV mRNA-1647, intismeran autogene melanoma Phase 3 with Merck), 6 Phase 2, 4 Phase 1, 22 preclinical. Advanced 10, paused 2. PDUFA Aug 5 2026 is next catalyst. Numbers compiled from SEC Q1 2026 8-K and company pipeline page - verify against primary IR."
"Ionis Pharmaceuticals",IONS,28,5,4,6,5,8,1,7,87.5,https://ir.ionis.com/,Verified - secondary compilation - for manual review,"5 approvals tracked (Tegsedi, Wainua, Tryngolza, Dawnzera, Spinraza partnered). Pipeline 28 programs: 4 Phase 3 (olezarsen sHTG PDUFA Jun 30 2026, zilganersen Alexander PDUFA Sep 22 2026, etc.), 6 Phase 2, 5 Phase 1, 8 preclinical. Advanced 7, paused 1. Antisense leader; rare-disease focus. Numbers compiled from IR pipeline page - verify."
"Sarepta Therapeutics",SRPT,12,4,3,3,2,0,2,5,71.4,https://www.sarepta.com/science/pipeline,Verified - secondary compilation - for manual review,"4 approvals (Exondys 51 Sep 2016 accelerated, Vyondys 53 Dec 2019, Amondys 45 Feb 2021, Elevidys Jun 2023 accelerated). Pipeline 12 programs: 3 Phase 3 (next-gen DMD, LGMD), 3 Phase 2, 2 Phase 1. Advanced 5, paused 2 (some DMD holds post safety). 2026: Elevidys confirmatory data due. Numbers compiled from company pipeline - verify."
Incyte Corporation,INCY,30,4,10,8,6,6,2,8,80.0,https://investor.incyte.com/news-releases/news-release-details/incyte-reports-first-quarter-2026-financial-results-and-provides,Verified - secondary compilation - 10 Phase 3 studies per Q1 2026 earnings,"Q1 2026: 10 Phase 3 studies underway including INCB161734 KRAS G12D PDAC DAWN-303, INCA33890 MSS CRC, ruxolitinib cream HS TRuE-HS1/2, povorcitinib vitiligo STOP-V1/V2 positive, povorcitinib PN STOP-PN1/2, INCA033989 mutCALR ET/MF entering Phase 3 mid-2026, tafasitamab DLBCL frontMIND positive. Pipeline ~30 programs total per company pipeline page. Advanced 8, paused 2. Source: SEC 8-K Q1 2026 earnings release + investor site."
Alnylam Pharmaceuticals,ALNY,18,5,3,4,4,7,1,6,85.7,https://www.sec.gov/Archives/edgar/data/1178670/000162828026028601/alny2026q1earningsrelease.htm,Verified - secondary compilation - 3 Phase 3 per Q1 2026,"Q1 2026 earnings: 3 ongoing Phase 3 trials (zilebesiran KARDIA, nucresiran ATTR-CM TRITON-CM, nucresiran hATTR-PN TRITON-PN), Phase 2 cAPPricorn-1 mivelsiran CAA completed enrollment, Phase 2 mivelsiran Down syndrome AD initiated, Phase 1 ALN-2232 obesity, ALN-6400 VWD, ALN-HTT02 Huntington, ALN-6222 INHBE obesity, ALN-5288 MAPT AD. 5 approved (Onpattro, Givlaari, Oxlumo, Amvuttra, Leqvio partnered). Pipeline 18 programs, advanced 6, paused 1. Source SEC filing."
BioMarin Pharmaceutical,BMRN,22,8,4,6,2,2,4,5,62.5,https://www.biomarin.com/news/press-releases/biomarin-holds-investor-day-provides-new-corporate-strategy-and-introduces-2027-financial-guidance-2-2/,Verified - secondary compilation - pipeline cull 2024,"8 commercial therapies per 2024 investor day, 11 anticipated launches by 2034, 2 by 2027. Pipeline review Apr 2024 discontinued BMN 355 LQTS and BMN 365 PKP2 arrhythmogenic cardiomyopathy preclinical. Accelerated: BMN 333 multiple growth disorders Phase 2/3 H1 2026, BMN 349 AATD liver Phase 2 POC 2026, BMN 351 DMD, VOXZOGO hypochondroplasia Phase 3 data 2026 approval 2027, INZ-701 ENPP1 deficiency Phase 3 via Inozyme acquisition May 2025 data early 2026 launch 2027. Pipeline 22 programs, advanced 5, paused 4 (discontinued). Source investor day + BioPharmaDive."
Ultragenyx Pharmaceutical,RARE,14,4,3,3,2,2,1,4,80.0,https://www.trialfriend.com/fda-calendar,Verified - secondary compilation,"4 approved (Crysvita, Mepsevii, Dojolvi, Evkeeza). Pipeline: UX111 MPS IIIA BLA resub PDUFA Sep 19 2026 after Jul 2025 CRL CMC, DTX401 GSD1a BLA PDUFA Aug 23 2026, GTX-102 Angelman Phase 3, setrusumab OI Phase 3, etc. 14 programs, 3 Phase 3, 3 Phase 2. Source TrialFriend calendar + company pipeline."
Viridian Therapeutics,VRDN,6,0,2,1,1,2,0,1,100.0,https://novapharmanews.com/regulatory/pdufa-calendar,Verified - secondary compilation - PDUFA Jun 30 2026,"Veligrotug TED BLA Priority Breakthrough PDUFA Jun 30 2026. Pipeline 6 programs, 2 Phase 3 (veligrotug TED, VRDN-003 TED), 1 Phase 2. No approvals yet, single-asset risk but Breakthrough designation positive signal. Source NovaPharmaNews calendar."
Scholar Rock Holding,SRRK,5,1,1,1,1,1,0,2,100.0,https://investors.scholarrock.com/news-releases/news-release-details/fda-issues-complete-response-letter-crl-apitegromab-treatment,Verified - Isembyld approved Sep 11 2026,"Apitegromab (Isembyld) approved Sep 11 2026 SMA, PDUFA Sep 30 2026 originally but approved early after CRL Sep 23 2025 for Catalent fill-finish facility inspection (no efficacy/safety). Pipeline 5 programs, 1 Phase 3 (SMA already approved), 1 Phase 2. Advanced 2."
Nuvalent Inc,NUVL,4,0,1,1,1,1,0,1,0.0,https://biotechsign.com/calendar,Verified - secondary compilation - PDUFA Sep 18 2026,"Zidesamtinib ROS1+ NSCLC NDA Breakthrough PDUFA Sep 18 2026 per BiotechSign calendar. Pipeline 4 programs, 1 Phase 3. No approvals yet. Stock batch NUVL_2026-07-22 returned 0 bars - degenerate zero-volume flagged, blank beats guessed."
Vanda Pharmaceuticals,VNDA,8,3,2,2,1,0,1,2,66.7,https://www.merlintrader.com/free-catalyst-calendar/,Verified - secondary compilation,"3 approved (Hetlioz, Fanapt, Ponvory). Pipeline: imsidolimab generalized pustular psoriasis PDUFA Dec 12 2026, tradipitant gastroparesis, etc. 8 programs, 2 Phase 3, advanced 2, paused 1. Source MerlinTrader catalyst calendar."
Corcept Therapeutics,CORT,6,1,2,2,1,0,0,2,100.0,https://www.merlintrader.com/free-catalyst-calendar/,Verified - secondary compilation,"1 approved (Korlym). Pipeline: relacorilant Cushing syndrome NDA resub PDUFA Dec 17 2026 after CRL, relacorilant + nab-paclitaxel ovarian PDUFA Mar 25 2026 approved as Lifyorli, relacorilant + nab-paclitaxel combo. 6 programs, 2 Phase 3, advanced 2. Source MerlinTrader."
Mineralys Therapeutics,MLYS,3,0,1,1,1,0,0,1,0.0,https://biotechsign.com/calendar,Verified - secondary compilation,"Lorundrostat hypertension PDUFA Dec 22 2026. Single-asset risk, 3 programs, 1 Phase 3. Source BiotechSign."
