year,payload_orig_ap_count,manifest_raw_records,nme_type1_rows,nme_type14_rows,nme_rows_total,nme_counted_once,blank_class_rows,unknown_class_rows,priority_reviews,standard_reviews,official_fda_nme_count,official_ndas_approved,delta_nme_rows_vs_official,official_source_url,raw_payload,query_url,source_type,coverage_status,probe_status,notes
1939,7,7,0,0,0,0,3,4,0,1,,,n/a (no official per-year figure),https://www.fda.gov/about-fda/histories-fda-regulated-products/summary-nda-approvals-receipts-1938-present,data/raw/openfda_orig_decisions_1939_1964/decisions_1939.json,"https://api.fda.gov/drug/drugsfda.json?search=submissions.submission_type:""ORIG""%20AND%20submissions.submission_status:""AP""%20AND%20submissions.submission_status_date:[19390101%20TO%2019391231]&limit=1000&skip=0",openFDA Drugs@FDA ORIG/AP (NDA+BLA; same extraction as 1965-2026 blocks),Complete for the committed payload; Drugs@FDA pre-1965 coverage is itself incomplete (official caveat),pending (job queued: fetch_jobs/pre1965_row_probes_1939_1964.json),"openFDA Drugs@FDA ORIG/AP enumeration 1939 (NDA+BLA; the API returned 7 raw records, 7 unique application+date decisions after the extractor's de-duplication). 0 Type 1/1-4 (NME-comparable) of 7 rows; counted-once NME statistic: 0 (re-screening/sibling rows flagged, never corrected). Blank class: 3; UNKNOWN class: 4. All 7 application numbers verified present in the full official Drugs@FDA database with matching type and holder (0 mismatches). Official series: 1938-40 published combined (1782 NDAs, 2752 received; NMEs 14 qualified '1940 only') - no separate 1939/1940 figure exists in the official source."
1940,3,3,0,0,0,0,0,1,0,2,14 (1940 only),1782 (1938-40),n/a (no official per-year figure),https://www.fda.gov/about-fda/histories-fda-regulated-products/summary-nda-approvals-receipts-1938-present,data/raw/openfda_orig_decisions_1939_1964/decisions_1940.json,"https://api.fda.gov/drug/drugsfda.json?search=submissions.submission_type:""ORIG""%20AND%20submissions.submission_status:""AP""%20AND%20submissions.submission_status_date:[19400101%20TO%2019401231]&limit=1000&skip=0",openFDA Drugs@FDA ORIG/AP (NDA+BLA; same extraction as 1965-2026 blocks),Complete for the committed payload; Drugs@FDA pre-1965 coverage is itself incomplete (official caveat),pending (job queued: fetch_jobs/pre1965_row_probes_1939_1964.json),"openFDA Drugs@FDA ORIG/AP enumeration 1940 (NDA+BLA; the API returned 3 raw records, 3 unique application+date decisions after the extractor's de-duplication). 0 Type 1/1-4 (NME-comparable) of 3 rows; counted-once NME statistic: 0 (re-screening/sibling rows flagged, never corrected). Blank class: 0; UNKNOWN class: 1. All 3 application numbers verified present in the full official Drugs@FDA database with matching type and holder (0 mismatches). Official series: 1938-40 published combined (1782 NDAs, 2752 received; NMEs 14 qualified '1940 only') - no separate 1939/1940 figure exists in the official source."
1941,5,5,0,0,0,0,1,3,0,1,17,807,-17,https://www.fda.gov/about-fda/histories-fda-regulated-products/summary-nda-approvals-receipts-1938-present,data/raw/openfda_orig_decisions_1939_1964/decisions_1941.json,"https://api.fda.gov/drug/drugsfda.json?search=submissions.submission_type:""ORIG""%20AND%20submissions.submission_status:""AP""%20AND%20submissions.submission_status_date:[19410101%20TO%2019411231]&limit=1000&skip=0",openFDA Drugs@FDA ORIG/AP (NDA+BLA; same extraction as 1965-2026 blocks),Complete for the committed payload; Drugs@FDA pre-1965 coverage is itself incomplete (official caveat),pending (job queued: fetch_jobs/pre1965_row_probes_1939_1964.json),"openFDA Drugs@FDA ORIG/AP enumeration 1941 (NDA+BLA; the API returned 5 raw records, 5 unique application+date decisions after the extractor's de-duplication). 0 Type 1/1-4 (NME-comparable) of 5 rows; counted-once NME statistic: 0 (re-screening/sibling rows flagged, never corrected). Blank class: 1; UNKNOWN class: 3. All 5 application numbers verified present in the full official Drugs@FDA database with matching type and holder (0 mismatches)."
1942,5,5,2,0,2,2,0,3,0,2,13,,-11,https://www.fda.gov/about-fda/histories-fda-regulated-products/summary-nda-approvals-receipts-1938-present,data/raw/openfda_orig_decisions_1939_1964/decisions_1942.json,"https://api.fda.gov/drug/drugsfda.json?search=submissions.submission_type:""ORIG""%20AND%20submissions.submission_status:""AP""%20AND%20submissions.submission_status_date:[19420101%20TO%2019421231]&limit=1000&skip=0",openFDA Drugs@FDA ORIG/AP (NDA+BLA; same extraction as 1965-2026 blocks),Complete for the committed payload; Drugs@FDA pre-1965 coverage is itself incomplete (official caveat),pending (job queued: fetch_jobs/pre1965_row_probes_1939_1964.json),"openFDA Drugs@FDA ORIG/AP enumeration 1942 (NDA+BLA; the API returned 5 raw records, 5 unique application+date decisions after the extractor's de-duplication). 2 Type 1/1-4 (NME-comparable) of 5 rows; counted-once NME statistic: 2 (re-screening/sibling rows flagged, never corrected). Blank class: 0; UNKNOWN class: 3. All 5 application numbers verified present in the full official Drugs@FDA database with matching type and holder (0 mismatches)."
1943,4,4,1,0,1,1,1,1,0,2,10,1028 (1942-43),-9,https://www.fda.gov/about-fda/histories-fda-regulated-products/summary-nda-approvals-receipts-1938-present,data/raw/openfda_orig_decisions_1939_1964/decisions_1943.json,"https://api.fda.gov/drug/drugsfda.json?search=submissions.submission_type:""ORIG""%20AND%20submissions.submission_status:""AP""%20AND%20submissions.submission_status_date:[19430101%20TO%2019431231]&limit=1000&skip=0",openFDA Drugs@FDA ORIG/AP (NDA+BLA; same extraction as 1965-2026 blocks),Complete for the committed payload; Drugs@FDA pre-1965 coverage is itself incomplete (official caveat),pending (job queued: fetch_jobs/pre1965_row_probes_1939_1964.json),"openFDA Drugs@FDA ORIG/AP enumeration 1943 (NDA+BLA; the API returned 4 raw records, 4 unique application+date decisions after the extractor's de-duplication). 1 Type 1/1-4 (NME-comparable) of 4 rows; counted-once NME statistic: 1 (re-screening/sibling rows flagged, never corrected). Blank class: 1; UNKNOWN class: 1. All 4 application numbers verified present in the full official Drugs@FDA database with matching type and holder (0 mismatches)."
1944,4,4,0,0,0,0,2,2,0,0,13,137,-13,https://www.fda.gov/about-fda/histories-fda-regulated-products/summary-nda-approvals-receipts-1938-present,data/raw/openfda_orig_decisions_1939_1964/decisions_1944.json,"https://api.fda.gov/drug/drugsfda.json?search=submissions.submission_type:""ORIG""%20AND%20submissions.submission_status:""AP""%20AND%20submissions.submission_status_date:[19440101%20TO%2019441231]&limit=1000&skip=0",openFDA Drugs@FDA ORIG/AP (NDA+BLA; same extraction as 1965-2026 blocks),Complete for the committed payload; Drugs@FDA pre-1965 coverage is itself incomplete (official caveat),pending (job queued: fetch_jobs/pre1965_row_probes_1939_1964.json),"openFDA Drugs@FDA ORIG/AP enumeration 1944 (NDA+BLA; the API returned 4 raw records, 4 unique application+date decisions after the extractor's de-duplication). 0 Type 1/1-4 (NME-comparable) of 4 rows; counted-once NME statistic: 0 (re-screening/sibling rows flagged, never corrected). Blank class: 2; UNKNOWN class: 2. All 4 application numbers verified present in the full official Drugs@FDA database with matching type and holder (0 mismatches)."
1945,3,3,1,0,1,1,1,0,1,1,13,132,-12,https://www.fda.gov/about-fda/histories-fda-regulated-products/summary-nda-approvals-receipts-1938-present,data/raw/openfda_orig_decisions_1939_1964/decisions_1945.json,"https://api.fda.gov/drug/drugsfda.json?search=submissions.submission_type:""ORIG""%20AND%20submissions.submission_status:""AP""%20AND%20submissions.submission_status_date:[19450101%20TO%2019451231]&limit=1000&skip=0",openFDA Drugs@FDA ORIG/AP (NDA+BLA; same extraction as 1965-2026 blocks),Complete for the committed payload; Drugs@FDA pre-1965 coverage is itself incomplete (official caveat),pending (job queued: fetch_jobs/pre1965_row_probes_1939_1964.json),"openFDA Drugs@FDA ORIG/AP enumeration 1945 (NDA+BLA; the API returned 3 raw records, 3 unique application+date decisions after the extractor's de-duplication). 1 Type 1/1-4 (NME-comparable) of 3 rows; counted-once NME statistic: 1 (re-screening/sibling rows flagged, never corrected). Blank class: 1; UNKNOWN class: 0. All 3 application numbers verified present in the full official Drugs@FDA database with matching type and holder (0 mismatches)."
1946,10,11,2,0,2,2,3,5,1,1,19,114,-17,https://www.fda.gov/about-fda/histories-fda-regulated-products/summary-nda-approvals-receipts-1938-present,data/raw/openfda_orig_decisions_1939_1964/decisions_1946.json,"https://api.fda.gov/drug/drugsfda.json?search=submissions.submission_type:""ORIG""%20AND%20submissions.submission_status:""AP""%20AND%20submissions.submission_status_date:[19460101%20TO%2019461231]&limit=1000&skip=0",openFDA Drugs@FDA ORIG/AP (NDA+BLA; same extraction as 1965-2026 blocks),Complete for the committed payload; Drugs@FDA pre-1965 coverage is itself incomplete (official caveat),pending (job queued: fetch_jobs/pre1965_row_probes_1939_1964.json),"openFDA Drugs@FDA ORIG/AP enumeration 1946 (NDA+BLA; the API returned 11 raw records, 10 unique application+date decisions after the extractor's de-duplication). 2 Type 1/1-4 (NME-comparable) of 10 rows; counted-once NME statistic: 2 (re-screening/sibling rows flagged, never corrected). Blank class: 3; UNKNOWN class: 5. All 10 application numbers verified present in the full official Drugs@FDA database with matching type and holder (0 mismatches)."
1947,14,15,0,0,0,0,1,9,0,4,26,145,-26,https://www.fda.gov/about-fda/histories-fda-regulated-products/summary-nda-approvals-receipts-1938-present,data/raw/openfda_orig_decisions_1939_1964/decisions_1947.json,"https://api.fda.gov/drug/drugsfda.json?search=submissions.submission_type:""ORIG""%20AND%20submissions.submission_status:""AP""%20AND%20submissions.submission_status_date:[19470101%20TO%2019471231]&limit=1000&skip=0",openFDA Drugs@FDA ORIG/AP (NDA+BLA; same extraction as 1965-2026 blocks),Complete for the committed payload; Drugs@FDA pre-1965 coverage is itself incomplete (official caveat),pending (job queued: fetch_jobs/pre1965_row_probes_1939_1964.json),"openFDA Drugs@FDA ORIG/AP enumeration 1947 (NDA+BLA; the API returned 15 raw records, 14 unique application+date decisions after the extractor's de-duplication). 0 Type 1/1-4 (NME-comparable) of 14 rows; counted-once NME statistic: 0 (re-screening/sibling rows flagged, never corrected). Blank class: 1; UNKNOWN class: 9. All 14 application numbers verified present in the full official Drugs@FDA database with matching type and holder (0 mismatches)."
1948,10,14,2,0,2,2,2,6,0,2,29,194,-27,https://www.fda.gov/about-fda/histories-fda-regulated-products/summary-nda-approvals-receipts-1938-present,data/raw/openfda_orig_decisions_1939_1964/decisions_1948.json,"https://api.fda.gov/drug/drugsfda.json?search=submissions.submission_type:""ORIG""%20AND%20submissions.submission_status:""AP""%20AND%20submissions.submission_status_date:[19480101%20TO%2019481231]&limit=1000&skip=0",openFDA Drugs@FDA ORIG/AP (NDA+BLA; same extraction as 1965-2026 blocks),Complete for the committed payload; Drugs@FDA pre-1965 coverage is itself incomplete (official caveat),pending (job queued: fetch_jobs/pre1965_row_probes_1939_1964.json),"openFDA Drugs@FDA ORIG/AP enumeration 1948 (NDA+BLA; the API returned 14 raw records, 10 unique application+date decisions after the extractor's de-duplication). 2 Type 1/1-4 (NME-comparable) of 10 rows; counted-once NME statistic: 2 (re-screening/sibling rows flagged, never corrected). Blank class: 2; UNKNOWN class: 6. All 10 application numbers verified present in the full official Drugs@FDA database with matching type and holder (0 mismatches)."
1949,13,13,2,0,2,2,3,7,1,2,38,360,-36,https://www.fda.gov/about-fda/histories-fda-regulated-products/summary-nda-approvals-receipts-1938-present,data/raw/openfda_orig_decisions_1939_1964/decisions_1949.json,"https://api.fda.gov/drug/drugsfda.json?search=submissions.submission_type:""ORIG""%20AND%20submissions.submission_status:""AP""%20AND%20submissions.submission_status_date:[19490101%20TO%2019491231]&limit=1000&skip=0",openFDA Drugs@FDA ORIG/AP (NDA+BLA; same extraction as 1965-2026 blocks),Complete for the committed payload; Drugs@FDA pre-1965 coverage is itself incomplete (official caveat),pending (job queued: fetch_jobs/pre1965_row_probes_1939_1964.json),"openFDA Drugs@FDA ORIG/AP enumeration 1949 (NDA+BLA; the API returned 13 raw records, 13 unique application+date decisions after the extractor's de-duplication). 2 Type 1/1-4 (NME-comparable) of 13 rows; counted-once NME statistic: 2 (re-screening/sibling rows flagged, never corrected). Blank class: 3; UNKNOWN class: 7. All 13 application numbers verified present in the full official Drugs@FDA database with matching type and holder (0 mismatches)."
1950,16,17,7,0,7,7,0,2,7,7,32,233,-25,https://www.fda.gov/about-fda/histories-fda-regulated-products/summary-nda-approvals-receipts-1938-present,data/raw/openfda_orig_decisions_1939_1964/decisions_1950.json,"https://api.fda.gov/drug/drugsfda.json?search=submissions.submission_type:""ORIG""%20AND%20submissions.submission_status:""AP""%20AND%20submissions.submission_status_date:[19500101%20TO%2019501231]&limit=1000&skip=0",openFDA Drugs@FDA ORIG/AP (NDA+BLA; same extraction as 1965-2026 blocks),Complete for the committed payload; Drugs@FDA pre-1965 coverage is itself incomplete (official caveat),pending (job queued: fetch_jobs/pre1965_row_probes_1939_1964.json),"openFDA Drugs@FDA ORIG/AP enumeration 1950 (NDA+BLA; the API returned 17 raw records, 16 unique application+date decisions after the extractor's de-duplication). 7 Type 1/1-4 (NME-comparable) of 16 rows; counted-once NME statistic: 7 (re-screening/sibling rows flagged, never corrected). Blank class: 0; UNKNOWN class: 2. All 16 application numbers verified present in the full official Drugs@FDA database with matching type and holder (0 mismatches)."
1951,18,20,7,0,7,7,2,1,5,10,10,256,-3,https://www.fda.gov/about-fda/histories-fda-regulated-products/summary-nda-approvals-receipts-1938-present,data/raw/openfda_orig_decisions_1939_1964/decisions_1951.json,"https://api.fda.gov/drug/drugsfda.json?search=submissions.submission_type:""ORIG""%20AND%20submissions.submission_status:""AP""%20AND%20submissions.submission_status_date:[19510101%20TO%2019511231]&limit=1000&skip=0",openFDA Drugs@FDA ORIG/AP (NDA+BLA; same extraction as 1965-2026 blocks),Complete for the committed payload; Drugs@FDA pre-1965 coverage is itself incomplete (official caveat),pending (job queued: fetch_jobs/pre1965_row_probes_1939_1964.json),"openFDA Drugs@FDA ORIG/AP enumeration 1951 (NDA+BLA; the API returned 20 raw records, 18 unique application+date decisions after the extractor's de-duplication). 7 Type 1/1-4 (NME-comparable) of 18 rows; counted-once NME statistic: 7 (re-screening/sibling rows flagged, never corrected). Blank class: 2; UNKNOWN class: 1. All 18 application numbers verified present in the full official Drugs@FDA database with matching type and holder (0 mismatches)."
1952,18,21,4,1,5,4,1,1,5,11,14,194,-9,https://www.fda.gov/about-fda/histories-fda-regulated-products/summary-nda-approvals-receipts-1938-present,data/raw/openfda_orig_decisions_1939_1964/decisions_1952.json,"https://api.fda.gov/drug/drugsfda.json?search=submissions.submission_type:""ORIG""%20AND%20submissions.submission_status:""AP""%20AND%20submissions.submission_status_date:[19520101%20TO%2019521231]&limit=1000&skip=0",openFDA Drugs@FDA ORIG/AP (NDA+BLA; same extraction as 1965-2026 blocks),Complete for the committed payload; Drugs@FDA pre-1965 coverage is itself incomplete (official caveat),pending (job queued: fetch_jobs/pre1965_row_probes_1939_1964.json),"openFDA Drugs@FDA ORIG/AP enumeration 1952 (NDA+BLA; the API returned 21 raw records, 18 unique application+date decisions after the extractor's de-duplication). 5 Type 1/1-4 (NME-comparable) of 18 rows; counted-once NME statistic: 4 (re-screening/sibling rows flagged, never corrected). Blank class: 1; UNKNOWN class: 1. All 18 application numbers verified present in the full official Drugs@FDA database with matching type and holder (0 mismatches)."
1953,35,37,15,0,15,15,2,2,13,18,19,454,-4,https://www.fda.gov/about-fda/histories-fda-regulated-products/summary-nda-approvals-receipts-1938-present,data/raw/openfda_orig_decisions_1939_1964/decisions_1953.json,"https://api.fda.gov/drug/drugsfda.json?search=submissions.submission_type:""ORIG""%20AND%20submissions.submission_status:""AP""%20AND%20submissions.submission_status_date:[19530101%20TO%2019531231]&limit=1000&skip=0",openFDA Drugs@FDA ORIG/AP (NDA+BLA; same extraction as 1965-2026 blocks),Complete for the committed payload; Drugs@FDA pre-1965 coverage is itself incomplete (official caveat),pending (job queued: fetch_jobs/pre1965_row_probes_1939_1964.json),"openFDA Drugs@FDA ORIG/AP enumeration 1953 (NDA+BLA; the API returned 37 raw records, 35 unique application+date decisions after the extractor's de-duplication). 15 Type 1/1-4 (NME-comparable) of 35 rows; counted-once NME statistic: 15 (re-screening/sibling rows flagged, never corrected). Blank class: 2; UNKNOWN class: 2. All 35 application numbers verified present in the full official Drugs@FDA database with matching type and holder (0 mismatches)."
1954,26,35,12,0,12,12,1,1,10,14,25,226,-13,https://www.fda.gov/about-fda/histories-fda-regulated-products/summary-nda-approvals-receipts-1938-present,data/raw/openfda_orig_decisions_1939_1964/decisions_1954.json,"https://api.fda.gov/drug/drugsfda.json?search=submissions.submission_type:""ORIG""%20AND%20submissions.submission_status:""AP""%20AND%20submissions.submission_status_date:[19540101%20TO%2019541231]&limit=1000&skip=0",openFDA Drugs@FDA ORIG/AP (NDA+BLA; same extraction as 1965-2026 blocks),Complete for the committed payload; Drugs@FDA pre-1965 coverage is itself incomplete (official caveat),pending (job queued: fetch_jobs/pre1965_row_probes_1939_1964.json),"openFDA Drugs@FDA ORIG/AP enumeration 1954 (NDA+BLA; the API returned 35 raw records, 26 unique application+date decisions after the extractor's de-duplication). 12 Type 1/1-4 (NME-comparable) of 26 rows; counted-once NME statistic: 12 (re-screening/sibling rows flagged, never corrected). Blank class: 1; UNKNOWN class: 1. All 26 application numbers verified present in the full official Drugs@FDA database with matching type and holder (0 mismatches)."
1955,31,37,9,0,9,8,1,1,6,23,19,343,-10,https://www.fda.gov/about-fda/histories-fda-regulated-products/summary-nda-approvals-receipts-1938-present,data/raw/openfda_orig_decisions_1939_1964/decisions_1955.json,"https://api.fda.gov/drug/drugsfda.json?search=submissions.submission_type:""ORIG""%20AND%20submissions.submission_status:""AP""%20AND%20submissions.submission_status_date:[19550101%20TO%2019551231]&limit=1000&skip=0",openFDA Drugs@FDA ORIG/AP (NDA+BLA; same extraction as 1965-2026 blocks),Complete for the committed payload; Drugs@FDA pre-1965 coverage is itself incomplete (official caveat),pending (job queued: fetch_jobs/pre1965_row_probes_1939_1964.json),"openFDA Drugs@FDA ORIG/AP enumeration 1955 (NDA+BLA; the API returned 37 raw records, 31 unique application+date decisions after the extractor's de-duplication). 9 Type 1/1-4 (NME-comparable) of 31 rows; counted-once NME statistic: 8 (re-screening/sibling rows flagged, never corrected). Blank class: 1; UNKNOWN class: 1. All 31 application numbers verified present in the full official Drugs@FDA database with matching type and holder (0 mismatches)."
1956,23,27,10,0,10,10,0,1,5,17,19,346,-9,https://www.fda.gov/about-fda/histories-fda-regulated-products/summary-nda-approvals-receipts-1938-present,data/raw/openfda_orig_decisions_1939_1964/decisions_1956.json,"https://api.fda.gov/drug/drugsfda.json?search=submissions.submission_type:""ORIG""%20AND%20submissions.submission_status:""AP""%20AND%20submissions.submission_status_date:[19560101%20TO%2019561231]&limit=1000&skip=0",openFDA Drugs@FDA ORIG/AP (NDA+BLA; same extraction as 1965-2026 blocks),Complete for the committed payload; Drugs@FDA pre-1965 coverage is itself incomplete (official caveat),pending (job queued: fetch_jobs/pre1965_row_probes_1939_1964.json),"openFDA Drugs@FDA ORIG/AP enumeration 1956 (NDA+BLA; the API returned 27 raw records, 23 unique application+date decisions after the extractor's de-duplication). 10 Type 1/1-4 (NME-comparable) of 23 rows; counted-once NME statistic: 10 (re-screening/sibling rows flagged, never corrected). Blank class: 0; UNKNOWN class: 1. All 23 application numbers verified present in the full official Drugs@FDA database with matching type and holder (0 mismatches)."
1957,45,49,18,0,18,17,1,4,11,30,16,334,2,https://www.fda.gov/about-fda/histories-fda-regulated-products/summary-nda-approvals-receipts-1938-present,data/raw/openfda_orig_decisions_1939_1964/decisions_1957.json,"https://api.fda.gov/drug/drugsfda.json?search=submissions.submission_type:""ORIG""%20AND%20submissions.submission_status:""AP""%20AND%20submissions.submission_status_date:[19570101%20TO%2019571231]&limit=1000&skip=0",openFDA Drugs@FDA ORIG/AP (NDA+BLA; same extraction as 1965-2026 blocks),Complete for the committed payload; Drugs@FDA pre-1965 coverage is itself incomplete (official caveat),pending (job queued: fetch_jobs/pre1965_row_probes_1939_1964.json),"openFDA Drugs@FDA ORIG/AP enumeration 1957 (NDA+BLA; the API returned 49 raw records, 45 unique application+date decisions after the extractor's de-duplication). 18 Type 1/1-4 (NME-comparable) of 45 rows; counted-once NME statistic: 17 (re-screening/sibling rows flagged, never corrected). Blank class: 1; UNKNOWN class: 4. All 45 application numbers verified present in the full official Drugs@FDA database with matching type and holder (0 mismatches)."
1958,26,33,8,0,8,8,1,1,5,19,20,280,-12,https://www.fda.gov/about-fda/histories-fda-regulated-products/summary-nda-approvals-receipts-1938-present,data/raw/openfda_orig_decisions_1939_1964/decisions_1958.json,"https://api.fda.gov/drug/drugsfda.json?search=submissions.submission_type:""ORIG""%20AND%20submissions.submission_status:""AP""%20AND%20submissions.submission_status_date:[19580101%20TO%2019581231]&limit=1000&skip=0",openFDA Drugs@FDA ORIG/AP (NDA+BLA; same extraction as 1965-2026 blocks),Complete for the committed payload; Drugs@FDA pre-1965 coverage is itself incomplete (official caveat),pending (job queued: fetch_jobs/pre1965_row_probes_1939_1964.json),"openFDA Drugs@FDA ORIG/AP enumeration 1958 (NDA+BLA; the API returned 33 raw records, 26 unique application+date decisions after the extractor's de-duplication). 8 Type 1/1-4 (NME-comparable) of 26 rows; counted-once NME statistic: 8 (re-screening/sibling rows flagged, never corrected). Blank class: 1; UNKNOWN class: 1. All 26 application numbers verified present in the full official Drugs@FDA database with matching type and holder (0 mismatches)."
1959,49,53,20,0,20,20,1,0,10,38,26,225,-6,https://www.fda.gov/about-fda/histories-fda-regulated-products/summary-nda-approvals-receipts-1938-present,data/raw/openfda_orig_decisions_1939_1964/decisions_1959.json,"https://api.fda.gov/drug/drugsfda.json?search=submissions.submission_type:""ORIG""%20AND%20submissions.submission_status:""AP""%20AND%20submissions.submission_status_date:[19590101%20TO%2019591231]&limit=1000&skip=0",openFDA Drugs@FDA ORIG/AP (NDA+BLA; same extraction as 1965-2026 blocks),Complete for the committed payload; Drugs@FDA pre-1965 coverage is itself incomplete (official caveat),pending (job queued: fetch_jobs/pre1965_row_probes_1939_1964.json),"openFDA Drugs@FDA ORIG/AP enumeration 1959 (NDA+BLA; the API returned 53 raw records, 49 unique application+date decisions after the extractor's de-duplication). 20 Type 1/1-4 (NME-comparable) of 49 rows; counted-once NME statistic: 20 (re-screening/sibling rows flagged, never corrected). Blank class: 1; UNKNOWN class: 0. All 49 application numbers verified present in the full official Drugs@FDA database with matching type and holder (0 mismatches)."
1960,45,52,15,0,15,14,2,0,10,33,21,222,-6,https://www.fda.gov/about-fda/histories-fda-regulated-products/summary-nda-approvals-receipts-1938-present,data/raw/openfda_orig_decisions_1939_1964/decisions_1960.json,"https://api.fda.gov/drug/drugsfda.json?search=submissions.submission_type:""ORIG""%20AND%20submissions.submission_status:""AP""%20AND%20submissions.submission_status_date:[19600101%20TO%2019601231]&limit=1000&skip=0",openFDA Drugs@FDA ORIG/AP (NDA+BLA; same extraction as 1965-2026 blocks),Complete for the committed payload; Drugs@FDA pre-1965 coverage is itself incomplete (official caveat),pending (job queued: fetch_jobs/pre1965_row_probes_1939_1964.json),"openFDA Drugs@FDA ORIG/AP enumeration 1960 (NDA+BLA; the API returned 52 raw records, 45 unique application+date decisions after the extractor's de-duplication). 15 Type 1/1-4 (NME-comparable) of 45 rows; counted-once NME statistic: 14 (re-screening/sibling rows flagged, never corrected). Blank class: 2; UNKNOWN class: 0. All 45 application numbers verified present in the full official Drugs@FDA database with matching type and holder (0 mismatches)."
1961,33,47,12,1,13,13,0,0,7,26,23,155,-10,https://www.fda.gov/about-fda/histories-fda-regulated-products/summary-nda-approvals-receipts-1938-present,data/raw/openfda_orig_decisions_1939_1964/decisions_1961.json,"https://api.fda.gov/drug/drugsfda.json?search=submissions.submission_type:""ORIG""%20AND%20submissions.submission_status:""AP""%20AND%20submissions.submission_status_date:[19610101%20TO%2019611231]&limit=1000&skip=0",openFDA Drugs@FDA ORIG/AP (NDA+BLA; same extraction as 1965-2026 blocks),Complete for the committed payload; Drugs@FDA pre-1965 coverage is itself incomplete (official caveat),pending (job queued: fetch_jobs/pre1965_row_probes_1939_1964.json),"openFDA Drugs@FDA ORIG/AP enumeration 1961 (NDA+BLA; the API returned 47 raw records, 33 unique application+date decisions after the extractor's de-duplication). 13 Type 1/1-4 (NME-comparable) of 33 rows; counted-once NME statistic: 13 (re-screening/sibling rows flagged, never corrected). Blank class: 0; UNKNOWN class: 0. All 33 application numbers verified present in the full official Drugs@FDA database with matching type and holder (0 mismatches)."
1962,29,39,11,0,11,10,1,1,11,16,16,109,-5,https://www.fda.gov/about-fda/histories-fda-regulated-products/summary-nda-approvals-receipts-1938-present,data/raw/openfda_orig_decisions_1939_1964/decisions_1962.json,"https://api.fda.gov/drug/drugsfda.json?search=submissions.submission_type:""ORIG""%20AND%20submissions.submission_status:""AP""%20AND%20submissions.submission_status_date:[19620101%20TO%2019621231]&limit=1000&skip=0",openFDA Drugs@FDA ORIG/AP (NDA+BLA; same extraction as 1965-2026 blocks),Complete for the committed payload; Drugs@FDA pre-1965 coverage is itself incomplete (official caveat),pending (job queued: fetch_jobs/pre1965_row_probes_1939_1964.json),"openFDA Drugs@FDA ORIG/AP enumeration 1962 (NDA+BLA; the API returned 39 raw records, 29 unique application+date decisions after the extractor's de-duplication). 11 Type 1/1-4 (NME-comparable) of 29 rows; counted-once NME statistic: 10 (re-screening/sibling rows flagged, never corrected). Blank class: 1; UNKNOWN class: 1. All 29 application numbers verified present in the full official Drugs@FDA database with matching type and holder (0 mismatches)."
1963,25,39,8,0,8,8,0,4,5,16,13,67,-5,https://www.fda.gov/about-fda/histories-fda-regulated-products/summary-nda-approvals-receipts-1938-present,data/raw/openfda_orig_decisions_1939_1964/decisions_1963.json,"https://api.fda.gov/drug/drugsfda.json?search=submissions.submission_type:""ORIG""%20AND%20submissions.submission_status:""AP""%20AND%20submissions.submission_status_date:[19630101%20TO%2019631231]&limit=1000&skip=0",openFDA Drugs@FDA ORIG/AP (NDA+BLA; same extraction as 1965-2026 blocks),Complete for the committed payload; Drugs@FDA pre-1965 coverage is itself incomplete (official caveat),pending (job queued: fetch_jobs/pre1965_row_probes_1939_1964.json),"openFDA Drugs@FDA ORIG/AP enumeration 1963 (NDA+BLA; the API returned 39 raw records, 25 unique application+date decisions after the extractor's de-duplication). 8 Type 1/1-4 (NME-comparable) of 25 rows; counted-once NME statistic: 8 (re-screening/sibling rows flagged, never corrected). Blank class: 0; UNKNOWN class: 4. All 25 application numbers verified present in the full official Drugs@FDA database with matching type and holder (0 mismatches)."
1964,38,65,10,0,10,10,3,7,11,17,15,83,-5,https://www.fda.gov/about-fda/histories-fda-regulated-products/summary-nda-approvals-receipts-1938-present,data/raw/openfda_orig_decisions_1939_1964/decisions_1964.json,"https://api.fda.gov/drug/drugsfda.json?search=submissions.submission_type:""ORIG""%20AND%20submissions.submission_status:""AP""%20AND%20submissions.submission_status_date:[19640101%20TO%2019641231]&limit=1000&skip=0",openFDA Drugs@FDA ORIG/AP (NDA+BLA; same extraction as 1965-2026 blocks),Complete for the committed payload; Drugs@FDA pre-1965 coverage is itself incomplete (official caveat),pending (job queued: fetch_jobs/pre1965_row_probes_1939_1964.json),"openFDA Drugs@FDA ORIG/AP enumeration 1964 (NDA+BLA; the API returned 65 raw records, 38 unique application+date decisions after the extractor's de-duplication). 10 Type 1/1-4 (NME-comparable) of 38 rows; counted-once NME statistic: 10 (re-screening/sibling rows flagged, never corrected). Blank class: 3; UNKNOWN class: 7. All 38 application numbers verified present in the full official Drugs@FDA database with matching type and holder (0 mismatches)."
