row_id,application_number,probe_file,probe_url,probe_sha256,live_orig_date,live_class_code,live_review_priority,live_sponsor,status,checked_against_payload
PRE1980AUDIT-1965-04,NDA014602,probe_NDA014602.json,https://api.fda.gov/drug/drugsfda.json?search=application_number:%22NDA014602%22&limit=1000,4d508334e0550fc83eb1adfb715981d6e7cc0a35e40a10d8e1864137dffcc454,19650303,TYPE 1,STANDARD,ORGANON,MATCH,date+class+priority+holder all equal
PRE1980AUDIT-1965-08,NDA013026,probe_NDA013026.json,https://api.fda.gov/drug/drugsfda.json?search=application_number:%22NDA013026%22&limit=1000,8439f5b5fa79fa3ad636dc1d4df4469d65b9611a852a34586501941a5a4f6675,19650430,TYPE 1,PRIORITY,WYETH PHARMS,MATCH,date+class+priority+holder all equal
PRE1980AUDIT-1965-09,BLA101995,probe_BLA101995.json,https://api.fda.gov/drug/drugsfda.json?search=application_number:%22BLA101995%22&limit=1000,06b5a4dc3807d750b230167c64d62bef4f0885ddc7999139b6ca5eae37b5c5af,19650604,TYPE 1,UNKNOWN,SMITH AND NEPHEW,MATCH,date+class+priority+holder all equal
PRE1980AUDIT-1965-10,NDA015539,probe_NDA015539.json,https://api.fda.gov/drug/drugsfda.json?search=application_number:%22NDA015539%22&limit=1000,35ad18ca287f089d01243c5341e26c0945b0d85f9e15e40c66fa9f5d40651f06,19650604,TYPE 1,STANDARD,ALPHARMA US PHARMS,MATCH,date+class+priority+holder all equal
PRE1980AUDIT-1965-12,NDA016059,probe_NDA016059.json,https://api.fda.gov/drug/drugsfda.json?search=application_number:%22NDA016059%22&limit=1000,47518912603c56bb612c0a702d40b10744acff2e06d1d93cf6641abfa88c1601,19650610,TYPE 1,PRIORITY,ZYLA LIFE SCIENCES,MATCH,date+class+priority+holder all equal
PRE1980AUDIT-1965-15,NDA014879,probe_NDA014879.json,https://api.fda.gov/drug/drugsfda.json?search=application_number:%22NDA014879%22&limit=1000,af157eda683233e0a58a71f0d76a5c65858e418bddda941867dcf6faf3be49af,19650623,TYPE 1,STANDARD,HIKMA,MATCH,date+class+priority+holder all equal
PRE1980AUDIT-1965-21,NDA012715,probe_NDA012715.json,https://api.fda.gov/drug/drugsfda.json?search=application_number:%22NDA012715%22&limit=1000,7f36e5a9c1e70f74927421ecb3576f6280293bcf4ae8d94c35c09a0798cc628a,19650825,TYPE 1,STANDARD,ROCHE,MATCH,date+class+priority+holder all equal
PRE1980AUDIT-1965-25,NDA012806,probe_NDA012806.json,https://api.fda.gov/drug/drugsfda.json?search=application_number:%22NDA012806%22&limit=1000,b3a38ab07b75fd11a377f0220a91db47b487c9f510d66c43fe651eab4d12675a,19651018,TYPE 1,STANDARD,INA PHARMS,MATCH,date+class+priority+holder all equal
PRE1980AUDIT-1965-26,NDA014763,probe_NDA014763.json,https://api.fda.gov/drug/drugsfda.json?search=application_number:%22NDA014763%22&limit=1000,fd8aa3b79f247bd9b448c7ab80fb813ec5390f1fdc5ee85b0476d23cb57969b9,19651118,TYPE 1,PRIORITY,ASTRAZENECA,MATCH,date+class+priority+holder all equal
PRE1980AUDIT-1965-29,NDA012665,probe_NDA012665.json,https://api.fda.gov/drug/drugsfda.json?search=application_number:%22NDA012665%22&limit=1000,1535649b5408439572a73b93159b69b7504eda0da8c9966d93e14cdff6a73e01,19651125,TYPE 1,PRIORITY,LILLY,MATCH,date+class+priority+holder all equal
PRE1980AUDIT-1965-31,NDA013025,probe_NDA013025.json,https://api.fda.gov/drug/drugsfda.json?search=application_number:%22NDA013025%22&limit=1000,558d7333d0bf0cff17e86f7c46a432719376cb04b92d98137af950bf7abf1515,19651216,TYPE 1/4,PRIORITY,HOSPIRA,MATCH,date+class+priority+holder all equal
PRE1980AUDIT-1966-02,NDA012429,probe_NDA012429.json,https://api.fda.gov/drug/drugsfda.json?search=application_number:%22NDA012429%22&limit=1000,692b297fcd5b445c2245ba93dcc2dae1b9d0084ad4d72b7076894004aa98f897,19660118,TYPE 1,PRIORITY,WAYLIS THERAP,MATCH,date+class+priority+holder all equal
PRE1980AUDIT-1966-04,NDA016029,probe_NDA016029.json,https://api.fda.gov/drug/drugsfda.json?search=application_number:%22NDA016029%22&limit=1000,7fdb08379bc328094b3cd2bbe7ec48723d33d5cea12236e725e4d53b9057061f,19660323,TYPE 1/4,STANDARD,GD SEARLE LLC,MATCH,date+class+priority+holder all equal
PRE1980AUDIT-1966-05,NDA016000,probe_NDA016000.json,https://api.fda.gov/drug/drugsfda.json?search=application_number:%22NDA016000%22&limit=1000,a75850f01597bc2d9a5d3fe936cbda9124f12a734f0856958b52483980a2bf5a,19660701,TYPE 1,STANDARD,BAYER HLTHCARE,MATCH,date+class+priority+holder all equal
PRE1980AUDIT-1966-06,NDA016245,probe_NDA016245.json,https://api.fda.gov/drug/drugsfda.json?search=application_number:%22NDA016245%22&limit=1000,b4cf2c7619ef84824f88fddb9edee9b237478965f4c5de8712c0d1891440ba5f,19660701,TYPE 1,PRIORITY,ABBOTT,MATCH,date+class+priority+holder all equal
PRE1980AUDIT-1966-07,NDA016273,probe_NDA016273.json,https://api.fda.gov/drug/drugsfda.json?search=application_number:%22NDA016273%22&limit=1000,d4280b3540d46f978ee63337583798973c6a9775c69fd1fe28c866bc1ca6ca99,19660701,TYPE 1,PRIORITY,VALIDUS PHARMS,MATCH,date+class+priority+holder all equal
PRE1980AUDIT-1966-08,NDA015500,probe_NDA015500.json,https://api.fda.gov/drug/drugsfda.json?search=application_number:%22NDA015500%22&limit=1000,155f73d4bfc9dcb49f9586ce3a15f15b71375cb6678c00a4bda207077f164324,19660718,TYPE 1,PRIORITY,PHARMACIA AND UPJOHN,MATCH,date+class+priority+holder all equal
PRE1980AUDIT-1966-10,NDA016084,probe_NDA016084.json,https://api.fda.gov/drug/drugsfda.json?search=application_number:%22NDA016084%22&limit=1000,f380f164898bf83bfa617e3f50913c2e3506eacfa3649006e0b90472622bf1c8,19660819,TYPE 1,PRIORITY,CASPER PHARMA LLC,MATCH,date+class+priority+holder all equal
PRE1980AUDIT-1967-01,NDA016092,probe_NDA016092.json,https://api.fda.gov/drug/drugsfda.json?search=application_number:%22NDA016092%22&limit=1000,c3e4dfd96c7e9798778b11c63c6b004b7ea590763d3def345767e0fa7473fe04,19670110,TYPE 1,STANDARD,BAUSCH,MATCH,date+class+priority+holder all equal
PRE1980AUDIT-1967-04,NDA016131,probe_NDA016131.json,https://api.fda.gov/drug/drugsfda.json?search=application_number:%22NDA016131%22&limit=1000,dae20055e0fc927f4296d072f29e7fec837ecec198adb5e74aa965931d6ee1f2,19670201,TYPE 1,PRIORITY,SANOFI AVENTIS US,MATCH,date+class+priority+holder all equal
PRE1980AUDIT-1967-05,NDA016099,probe_NDA016099.json,https://api.fda.gov/drug/drugsfda.json?search=application_number:%22NDA016099%22&limit=1000,79813bf7020f9e84acb76cfdc3369bdfed74fbc18b20acfa6e72313c281b324c,19670208,TYPE 1,PRIORITY,WYETH AYERST,MATCH,date+class+priority+holder all equal
PRE1980AUDIT-1967-07,NDA015034,probe_NDA015034.json,https://api.fda.gov/drug/drugsfda.json?search=application_number:%22NDA015034%22&limit=1000,7b2c671f56d57c5c977845ebae649833e3781d7d7fe9010f4e9a0aa96761b320,19670328,TYPE 1,STANDARD,AVION PHARMS,MATCH,date+class+priority+holder all equal
PRE1980AUDIT-1967-08,NDA016033,probe_NDA016033.json,https://api.fda.gov/drug/drugsfda.json?search=application_number:%22NDA016033%22&limit=1000,0b306b0b2023fdbf792714f0051c35a6ec25861441c6f2132b4264526d7c78e8,19670405,TYPE 1,STANDARD,GLAXOSMITHKLINE,MATCH,date+class+priority+holder all equal
PRE1980AUDIT-1967-09,NDA016096,probe_NDA016096.json,https://api.fda.gov/drug/drugsfda.json?search=application_number:%22NDA016096%22&limit=1000,b6e0711870fb1e0a7946d618a03f1f0fe9eed73f4a988444b4c849938551861a,19670407,TYPE 1,PRIORITY,MERCK SHARP DOHME,MATCH,date+class+priority+holder all equal
PRE1980AUDIT-1967-10,NDA015921,probe_NDA015921.json,https://api.fda.gov/drug/drugsfda.json?search=application_number:%22NDA015921%22&limit=1000,b3a383c88b9420a2cad77f0743706d3666d635fdc571d3ebc095ea8aae273bc4,19670412,TYPE 1,PRIORITY,ORTHO MCNEIL,MATCH,date+class+priority+holder all equal
PRE1980AUDIT-1967-17,NDA016194,probe_NDA016194.json,https://api.fda.gov/drug/drugsfda.json?search=application_number:%22NDA016194%22&limit=1000,d65d586ec8e506ff5ed652b48e55386d3d9931d85b87d307244c414d5e834735,19670724,TYPE 1,PRIORITY,HOSPIRA,MATCH,date+class+priority+holder all equal
PRE1980AUDIT-1967-18,NDA016584,probe_NDA016584.json,https://api.fda.gov/drug/drugsfda.json?search=application_number:%22NDA016584%22&limit=1000,1c81a06e6c998361b92fc728ab7bea442ca9316604acde4fb596052194ce0448,19670724,TYPE 1,STANDARD,PFIZER,MATCH,date+class+priority+holder all equal
PRE1980AUDIT-1967-22,NDA016012,probe_NDA016012.json,https://api.fda.gov/drug/drugsfda.json?search=application_number:%22NDA016012%22&limit=1000,16cdc3cfd65eb2ba221bc494f8745fface9f168caa51509bad1a1dbbac9aeda5,19670927,TYPE 1,STANDARD,TEVA WOMENS,MATCH,date+class+priority+holder all equal
PRE1980AUDIT-1967-24,NDA016320,probe_NDA016320.json,https://api.fda.gov/drug/drugsfda.json?search=application_number:%22NDA016320%22&limit=1000,befb5dff11550b59cb47e1d7bb4f27ae729838bb9e0d97ab30be7e5333327fde,19671106,TYPE 1,PRIORITY,KANCHAN HLTHCARE,MATCH,date+class+priority+holder all equal
PRE1980AUDIT-1967-26,NDA016418,probe_NDA016418.json,https://api.fda.gov/drug/drugsfda.json?search=application_number:%22NDA016418%22&limit=1000,b5ae0d7f985ca813fd49df5ff617bdd7d18bb9a813c814e207cc9dce68b36d43,19671113,TYPE 1,PRIORITY,WYETH PHARMS,MATCH,date+class+priority+holder all equal
PRE1980AUDIT-1967-31,NDA016295,probe_NDA016295.json,https://api.fda.gov/drug/drugsfda.json?search=application_number:%22NDA016295%22&limit=1000,e3ce6384a8d4466f6a4eec8a5b0e3fd1c13f721100b54c4d50eab1abe59eb42b,19671207,TYPE 1,PRIORITY,WAYLIS THERAP,MATCH,date+class+priority+holder all equal
PRE1980AUDIT-1968-04,NDA016608,probe_NDA016608.json,https://api.fda.gov/drug/drugsfda.json?search=application_number:%22NDA016608%22&limit=1000,66e6d3b396d69c3594a15d514bff9a36a9afd9233366d3eb7614d56a67a889b3,19680311,TYPE 1,PRIORITY,NOVARTIS,MATCH,date+class+priority+holder all equal
PRE1980AUDIT-1968-06,NDA016324,probe_NDA016324.json,https://api.fda.gov/drug/drugsfda.json?search=application_number:%22NDA016324%22&limit=1000,ae86e8c4d31e541923fc49cdc10dd720f8860160a763ad4ca4287d1355df8682,19680320,TYPE 1,PRIORITY,LEGACY,MATCH,date+class+priority+holder all equal
PRE1980AUDIT-1968-09,NDA016267,probe_NDA016267.json,https://api.fda.gov/drug/drugsfda.json?search=application_number:%22NDA016267%22&limit=1000,d32ce15775ced79a5bb5b01ba086ca139ad6438410bcf5c016ade9c3cc557b86,19680401,TYPE 1,PRIORITY,MITEM PHARMA,MATCH,date+class+priority+holder all equal
PRE1980AUDIT-1968-11,NDA016672,probe_NDA016672.json,https://api.fda.gov/drug/drugsfda.json?search=application_number:%22NDA016672%22&limit=1000,0cc7621454c9c19e8fffa90f6309c7606957264cd87314db2a1bffe32750b78a,19680416,TYPE 1/4,PRIORITY,WYETH PHARMS,MATCH,date+class+priority+holder all equal
PRE1980AUDIT-1969-02,NDA013615,probe_NDA013615.json,https://api.fda.gov/drug/drugsfda.json?search=application_number:%22NDA013615%22&limit=1000,8c918c67bd6f41b67f4c18fce95e053a5a96ca393e8a90eddf3b9ec6ea8579bb,19690203,TYPE 1,STANDARD,DOW PHARM,MATCH,date+class+priority+holder all equal
PRE1980AUDIT-1969-06,NDA016119,probe_NDA016119.json,https://api.fda.gov/drug/drugsfda.json?search=application_number:%22NDA016119%22&limit=1000,10d55a933711409e28abfdf3e76a6f2f49872f7dd5a7dd019bbab5dcbaa33411,19690603,TYPE 1,STANDARD,BRISTOL MYERS SQUIBB,MATCH,date+class+priority+holder all equal
PRE1980AUDIT-1969-07,NDA012828,probe_NDA012828.json,https://api.fda.gov/drug/drugsfda.json?search=application_number:%22NDA012828%22&limit=1000,be3aa4a952845d07aab48a3fbe6f79a3322bc705a526d87064c6b2b8c55551b3,19690612,TYPE 1,PRIORITY,ABBOTT,MATCH,date+class+priority+holder all equal
PRE1980AUDIT-1969-08,NDA016793,probe_NDA016793.json,https://api.fda.gov/drug/drugsfda.json?search=application_number:%22NDA016793%22&limit=1000,70a21aabc45ad6bdb987383163416c8868854bcc0b08f6629769461cfd73691e,19690617,TYPE 1,PRIORITY,TEVA PARENTERAL,MATCH,date+class+priority+holder all equal
PRE1980AUDIT-1969-11,NDA016785,probe_NDA016785.json,https://api.fda.gov/drug/drugsfda.json?search=application_number:%22NDA016785%22&limit=1000,75cf38b8506083463f242cacb2fced30cae44c19c1ad46e65cf1daf177ea06a1,19690722,TYPE 1,PRIORITY,LEADIANT BIOSCI INC,MATCH,date+class+priority+holder all equal
PRE1980AUDIT-1969-19,NDA016798,probe_NDA016798.json,https://api.fda.gov/drug/drugsfda.json?search=application_number:%22NDA016798%22&limit=1000,9e82d7de691eb4634c4a5661a415109a44eb53a5db2d301ee6c52dfd9af9ae08,19690923,TYPE 1,STANDARD,PFIZER,MATCH,date+class+priority+holder all equal
PRE1980AUDIT-1969-21,NDA013731,probe_NDA013731.json,https://api.fda.gov/drug/drugsfda.json?search=application_number:%22NDA013731%22&limit=1000,c073cdc3c11ae44ac62fa0c34aa7571949370abc1d991f27446f3c5455d418fa,19691024,TYPE 1,STANDARD,GE HEALTHCARE,MATCH,date+class+priority+holder all equal
PRE1980AUDIT-1969-24,NDA016624,probe_NDA016624.json,https://api.fda.gov/drug/drugsfda.json?search=application_number:%22NDA016624%22&limit=1000,1ec6dc2a6991d3ef74954fe4d7666e0e07adebd98bf2743f555b7dd03d3765f5,19691128,TYPE 1,STANDARD,ALLERGAN,MATCH,date+class+priority+holder all equal
PRE1980AUDIT-1970-01,NDA016769,probe_NDA016769.json,https://api.fda.gov/drug/drugsfda.json?search=application_number:%22NDA016769%22&limit=1000,e885134acfce4844b21c423dddb17357913a3a4f7ca6cef16231ae26ac88a5cc,19700115,TYPE 1,STANDARD,ORTHO MCNEIL JANSSEN,MATCH,date+class+priority+holder all equal
PRE1980AUDIT-1970-02,NDA016812,probe_NDA016812.json,https://api.fda.gov/drug/drugsfda.json?search=application_number:%22NDA016812%22&limit=1000,26fe29175fcdc5124adc78e7d9adceb35b6584ee4e2ec47d1d083c2b28e49c0e,19700219,TYPE 1,PRIORITY,PH HEALTH,MATCH,date+class+priority+holder all equal
PRE1980AUDIT-1970-04,NDA016774,probe_NDA016774.json,https://api.fda.gov/drug/drugsfda.json?search=application_number:%22NDA016774%22&limit=1000,3c5eccd7a763f236f455f820f4035fe6f22f91a3d3b91a97bf431ef2e37e3bc9,19700227,TYPE 1,STANDARD,NOVARTIS,MATCH,date+class+priority+holder all equal
PRE1980AUDIT-1970-07,NDA016782,probe_NDA016782.json,https://api.fda.gov/drug/drugsfda.json?search=application_number:%22NDA016782%22&limit=1000,2f2181a6391c8905caf015706f84447739027c35e80dadf3704fa4892420af2d,19700406,TYPE 1,PRIORITY,SOLVAY,MATCH,date+class+priority+holder all equal
PRE1980AUDIT-1970-10,NDA016721,probe_NDA016721.json,https://api.fda.gov/drug/drugsfda.json?search=application_number:%22NDA016721%22&limit=1000,e8148eb84abf90b6fa377bdfd3faa679918952708cd8dd406af197cc37c1d0cb,19700407,TYPE 1,PRIORITY,VALEANT PHARM INTL,MATCH,date+class+priority+holder all equal
PRE1980AUDIT-1970-12,NDA016750,probe_NDA016750.json,https://api.fda.gov/drug/drugsfda.json?search=application_number:%22NDA016750%22&limit=1000,a64a1cde6d5cb6f048d8b49d69856c5324b53c3643a9e7a8447bb3eb1ce9ff17,19700422,TYPE 1,STANDARD,AMPHASTAR PHARMS INC,MATCH,date+class+priority+holder all equal
PRE1980AUDIT-1970-14,NDA050109,probe_NDA050109.json,https://api.fda.gov/drug/drugsfda.json?search=application_number:%22NDA050109%22&limit=1000,9e1b5f18cd153789ee69968d72fb48e388876f6ded5cbaa11cbbff54cf976395,19700505,TYPE 1,PRIORITY,PFIZER,MATCH,date+class+priority+holder all equal
PRE1980AUDIT-1970-16,NDA016912,probe_NDA016912.json,https://api.fda.gov/drug/drugsfda.json?search=application_number:%22NDA016912%22&limit=1000,c9aad0b19762e0cea1230f704800b781b00807b8b72fb8b9a12b185af603ee9f,19700604,TYPE 1,PRIORITY,ROCHE,MATCH,date+class+priority+holder all equal
PRE1980AUDIT-1970-25,NDA016885,probe_NDA016885.json,https://api.fda.gov/drug/drugsfda.json?search=application_number:%22NDA016885%22&limit=1000,490dc97e141ef77898f9af327b5e2bd8da08a9663dd39bb3a81e54e5e5da7be4,19700708,TYPE 1,PRIORITY,ESTEVE,MATCH,date+class+priority+holder all equal
PRE1980AUDIT-1970-32,NDA019853,probe_NDA019853.json,https://api.fda.gov/drug/drugsfda.json?search=application_number:%22NDA019853%22&limit=1000,48ea450b2e00ca5062031d584514652b35558b9ee3f76ce90a0c445d51991e49,19701204,TYPE 1,STANDARD,VALEANT PHARMS INTL,MATCH,date+class+priority+holder all equal
PRE1980AUDIT-1970-38,NDA016929,probe_NDA016929.json,https://api.fda.gov/drug/drugsfda.json?search=application_number:%22NDA016929%22&limit=1000,43339a831d12b3395405305223eaaec01279469d2c71a80baa5e50e757382519,19701218,TYPE 1,PRIORITY,HOSPIRA,MATCH,date+class+priority+holder all equal
PRE1980AUDIT-1971-16,NDA016636,probe_NDA016636.json,https://api.fda.gov/drug/drugsfda.json?search=application_number:%22NDA016636%22&limit=1000,851d9d633215ff60b892a0a91dd4a918f3bd150b838ae1a389cd6bcc3ed354dc,19710413,TYPE 1,PRIORITY,ADAPT,MATCH,date+class+priority+holder all equal
PRE1980AUDIT-1971-25,NDA016908,probe_NDA016908.json,https://api.fda.gov/drug/drugsfda.json?search=application_number:%22NDA016908%22&limit=1000,49a46f4d2822375f7b722e4e25756793a1794f8fd274a830afb9eb543d5eb3c9,19710630,TYPE 1,STANDARD,ALVOGEN,MATCH,date+class+priority+holder all equal
PRE1980AUDIT-1971-28,NDA016942,probe_NDA016942.json,https://api.fda.gov/drug/drugsfda.json?search=application_number:%22NDA016942%22&limit=1000,8dd82cc09bfb6c1c320a3307fb93076df40e32f4b168be411339afdebb4a9bcd,19710806,TYPE 1,PRIORITY,WESTWOOD SQUIBB,MATCH,date+class+priority+holder all equal
PRE1980AUDIT-1971-33,NDA016979,probe_NDA016979.json,https://api.fda.gov/drug/drugsfda.json?search=application_number:%22NDA016979%22&limit=1000,58b34fdd454dda3ba98eb6719e9f7ab3bdc429db460c85c3ac22e7ab402e82cf,19710818,TYPE 1,STANDARD,BRISTOL MYERS SQUIBB,MATCH,date+class+priority+holder all equal
PRE1980AUDIT-1971-44,NDA016921,probe_NDA016921.json,https://api.fda.gov/drug/drugsfda.json?search=application_number:%22NDA016921%22&limit=1000,bb04060085bbed470bc1a74dd771fd43bbc15f8b9de7bce59502a7995682a1db,19711020,TYPE 1,PRIORITY,VALEANT INTL,MATCH,date+class+priority+holder all equal
PRE1980AUDIT-1971-45,NDA016224,probe_NDA016224.json,https://api.fda.gov/drug/drugsfda.json?search=application_number:%22NDA016224%22&limit=1000,2271ee4bdbe477eacb135b082872f61491f862875aabb6af462964071adba5a3,19711123,TYPE 1,PRIORITY,BRACCO,MATCH,date+class+priority+holder all equal
PRE1980AUDIT-1971-46,NDA017001,probe_NDA017001.json,https://api.fda.gov/drug/drugsfda.json?search=application_number:%22NDA017001%22&limit=1000,13b735b4fb397511e4396396236268f61aaa381564e6bab06bc5630d7a213e06,19711126,TYPE 1,PRIORITY,BAUSCH,MATCH,date+class+priority+holder all equal
PRE1980AUDIT-1972-01,NDA017010,probe_NDA017010.json,https://api.fda.gov/drug/drugsfda.json?search=application_number:%22NDA017010%22&limit=1000,a873a0b737e3e4a2b39d6cbb0adadfd0cdc712d12f5ec366ce530c08645d183b,19720104,TYPE 1,STANDARD,PADAGIS US,MATCH,date+class+priority+holder all equal
PRE1980AUDIT-1972-08,NDA017042,probe_NDA017042.json,https://api.fda.gov/drug/drugsfda.json?search=application_number:%22NDA017042%22&limit=1000,21298936a64db7888ecff179e136650d810768662624114ee4117e904d157ed1,19720224,TYPE 1,PRIORITY,GE HEALTHCARE,MATCH,date+class+priority+holder all equal
PRE1980AUDIT-1972-15,NDA017105,probe_NDA017105.json,https://api.fda.gov/drug/drugsfda.json?search=application_number:%22NDA017105%22&limit=1000,d0cbabe7c9f0b361f0addec8b55f22965ced938201a581b45bb50eee5b10d2e6,19720623,TYPE 1,STANDARD,AJENAT PHARMS,MATCH,date+class+priority+holder all equal
PRE1980AUDIT-1972-17,NDA017087,probe_NDA017087.json,https://api.fda.gov/drug/drugsfda.json?search=application_number:%22NDA017087%22&limit=1000,36f5cb6dc942128a2d0a76163314d7eb42664a32a4efce99d05d63b7811883bb,19720828,TYPE 1,STANDARD,BAXTER HLTHCARE,MATCH,date+class+priority+holder all equal
PRE1980AUDIT-1972-19,NDA016968,probe_NDA016968.json,https://api.fda.gov/drug/drugsfda.json?search=application_number:%22NDA016968%22&limit=1000,f4591bcb65f3607933755d9184a7392ddac88649df1efe44b8df37a1abc8f83e,19720928,TYPE 1,PRIORITY,ALCON,MATCH,date+class+priority+holder all equal
PRE1980AUDIT-1972-21,NDA016964,probe_NDA016964.json,https://api.fda.gov/drug/drugsfda.json?search=application_number:%22NDA016964%22&limit=1000,88970b4b38f52eece52326f0041a28b5ca4dbfd64cd9189038ae3ac9f4983717,19721003,TYPE 1,PRIORITY,HOSPIRA,MATCH,date+class+priority+holder all equal
PRE1980AUDIT-1972-24,NDA017015,probe_NDA017015.json,https://api.fda.gov/drug/drugsfda.json?search=application_number:%22NDA017015%22&limit=1000,3da9011e31589c71cd628d2514ff9fecb77a30d777f7ad7360a315cef44d1302,19721024,TYPE 1,PRIORITY,ORGANON USA INC,MATCH,date+class+priority+holder all equal
PRE1980AUDIT-1973-04,NDA016996,probe_NDA016996.json,https://api.fda.gov/drug/drugsfda.json?search=application_number:%22NDA016996%22&limit=1000,f2fa6974cdb9d585b4b9a78fd2f6507c1b566b6b776923fb26bacaf58faa7e71,19730122,TYPE 1,PRIORITY,SCHERING,MATCH,date+class+priority+holder all equal
PRE1980AUDIT-1973-15,NDA017047,probe_NDA017047.json,https://api.fda.gov/drug/drugsfda.json?search=application_number:%22NDA017047%22&limit=1000,7118a109ceea2a3accd586c73c0270088b3abfacc4fc89b141d2754c92ddbd94,19730507,TYPE 1,PRIORITY,BRACCO,MATCH,date+class+priority+holder all equal
PRE1980AUDIT-1973-19,NDA017129,probe_NDA017129.json,https://api.fda.gov/drug/drugsfda.json?search=application_number:%22NDA017129%22&limit=1000,ef35c50fe2434055a4370d8de32c3b3c758c316a1f7ffc7c77b497dd9a9a8a83,19730516,TYPE 1,STANDARD,MALLINCKRODT,MATCH,date+class+priority+holder all equal
PRE1980AUDIT-1973-21,NDA017247,probe_NDA017247.json,https://api.fda.gov/drug/drugsfda.json?search=application_number:%22NDA017247%22&limit=1000,48946ade27129be8d8718f262e50b5f605aadf8b80f2348775844f4140fe4dad,19730614,TYPE 1,STANDARD,NOVARTIS,MATCH,date+class+priority+holder all equal
PRE1980AUDIT-1973-24,NDA017376,probe_NDA017376.json,https://api.fda.gov/drug/drugsfda.json?search=application_number:%22NDA017376%22&limit=1000,1fc5331d0fdef3e750f4dae195235e10951381be6d9a9346c0eee18254937390,19730730,TYPE 1/4,PRIORITY,MONARCH PHARMS,MATCH,date+class+priority+holder all equal
PRE1980AUDIT-1973-26,NDA016402,probe_NDA016402.json,https://api.fda.gov/drug/drugsfda.json?search=application_number:%22NDA016402%22&limit=1000,de2e5cfd6350e74504912368b9243e24a958e779e28d051d39d039d690e3cf0c,19730731,TYPE 1,PRIORITY,BOEHRINGER INGELHEIM,MATCH,date+class+priority+holder all equal
PRE1980AUDIT-1973-27,NDA050443,probe_NDA050443.json,https://api.fda.gov/drug/drugsfda.json?search=application_number:%22NDA050443%22&limit=1000,26e2e4d7cbf3b05fee8e0418defd4eb1707acfad98d792e7fbe1ce0eabb35f1e,19730731,TYPE 1,UNKNOWN,BRISTOL MYERS SQUIBB,MATCH,date+class+priority+holder all equal
PRE1980AUDIT-1973-33,NDA017454,probe_NDA017454.json,https://api.fda.gov/drug/drugsfda.json?search=application_number:%22NDA017454%22&limit=1000,363c509f6985e5c7b20ebafd78198286d9b3372d5208933f6d9e3bddaa3abbbc,19730928,TYPE 1,PRIORITY,MALLINCKRODT,MATCH,date+class+priority+holder all equal
PRE1980AUDIT-1973-35,NDA016211,probe_NDA016211.json,https://api.fda.gov/drug/drugsfda.json?search=application_number:%22NDA016211%22&limit=1000,c654b6c510feade3eaec7c46dd83cfd7de3638147f8545e0088dfa04b499c83b,19731009,TYPE 1,STANDARD,NOVARTIS,MATCH,date+class+priority+holder all equal
PRE1980AUDIT-1973-41,NDA017386,probe_NDA017386.json,https://api.fda.gov/drug/drugsfda.json?search=application_number:%22NDA017386%22&limit=1000,1bd692dabfd35fbf1dc8a061da639c881b32b38fe5b30fbe3d2675acda0bcfae,19731127,TYPE 1,STANDARD,I3 PHARMS,MATCH,date+class+priority+holder all equal
PRE1980AUDIT-1973-42,NDA016729,probe_NDA016729.json,https://api.fda.gov/drug/drugsfda.json?search=application_number:%22NDA016729%22&limit=1000,62b3d5fabaac9877efc224737567fef5d383f2dcd15159244711dc66ba39b617,19731217,TYPE 1,PRIORITY,MALLINCKRODT,MATCH,date+class+priority+holder all equal
PRE1980AUDIT-1974-03,NDA017443,probe_NDA017443.json,https://api.fda.gov/drug/drugsfda.json?search=application_number:%22NDA017443%22&limit=1000,bd44b6e0b884a7ab3871f34a16af5b9d79f05972cb9f1aa16ce26fcac4ff38cc,19740115,TYPE 1,PRIORITY,PH HEALTH,MATCH,date+class+priority+holder all equal
PRE1980AUDIT-1974-04,NDA017111,probe_NDA017111.json,https://api.fda.gov/drug/drugsfda.json?search=application_number:%22NDA017111%22&limit=1000,88f80a45f271a6b18bfb6158dfacd5c4e26f8fdb244f22861d805244b309b0ab,19740118,TYPE 1,STANDARD,CHARTWELL RX,MATCH,date+class+priority+holder all equal
PRE1980AUDIT-1974-05,NDA050459,probe_NDA050459.json,https://api.fda.gov/drug/drugsfda.json?search=application_number:%22NDA050459%22&limit=1000,c729f9d0b2744f79d3d6b2b0e019fae18ae3029d36c39077c3274d0cdddd7ea7,19740118,TYPE 1,PRIORITY,GLAXOSMITHKLINE,MATCH,date+class+priority+holder all equal
PRE1980AUDIT-1974-08,NDA017450,probe_NDA017450.json,https://api.fda.gov/drug/drugsfda.json?search=application_number:%22NDA017450%22&limit=1000,5b25c71fe7008d77d33bba568498acb5fbc5ce3c706dd2039cd2887080dfb0b9,19740130,TYPE 1,STANDARD,MEDTECH PRODUCTS,MATCH,date+class+priority+holder all equal
PRE1980AUDIT-1974-11,NDA017395,probe_NDA017395.json,https://api.fda.gov/drug/drugsfda.json?search=application_number:%22NDA017395%22&limit=1000,51f6f7e5557fd21f68b996744794621e82808bb81071ef285b48ef3c32647c16,19740225,TYPE 1,PRIORITY,HOSPIRA,MATCH,date+class+priority+holder all equal
PRE1980AUDIT-1974-14,NDA016820,probe_NDA016820.json,https://api.fda.gov/drug/drugsfda.json?search=application_number:%22NDA016820%22&limit=1000,90553b3a6365386566fa6e263f58b36ef8feecca65d6532b17bff62a558bcaf5,19740312,TYPE 1,STANDARD,PFIZER,MATCH,date+class+priority+holder all equal
PRE1980AUDIT-1974-17,NDA017466,probe_NDA017466.json,https://api.fda.gov/drug/drugsfda.json?search=application_number:%22NDA017466%22&limit=1000,a08ef630994876c66fe9e10acdedb963498d925edbdc924f8cd1b96e41acc73d,19740325,TYPE 1,PRIORITY,SANOFI AVENTIS US,MATCH,date+class+priority+holder all equal
PRE1980AUDIT-1974-23,NDA017546,probe_NDA017546.json,https://api.fda.gov/drug/drugsfda.json?search=application_number:%22NDA017546%22&limit=1000,31533b4af135a1d433dad3014a974d981eba1ea36174a069009a9f8a5bcf551f,19740510,TYPE 1,PRIORITY,ROCHE,MATCH,date+class+priority+holder all equal
PRE1980AUDIT-1974-34,NDA017481,probe_NDA017481.json,https://api.fda.gov/drug/drugsfda.json?search=application_number:%22NDA017481%22&limit=1000,d847a3acaaa14211b34552c4663f9e0096cd35f34bfe5a6e6e79cf39ad34993e,19740628,TYPE 1,PRIORITY,JANSSEN PHARMS,MATCH,date+class+priority+holder all equal
PRE1980AUDIT-1974-42,BLA050114,probe_BLA050114.json,https://api.fda.gov/drug/drugsfda.json?search=application_number:%22BLA050114%22&limit=1000,3a232f09dc98943bf157a167b56cf3bb28f3dce96c270a2fac4f2ce6aa8f4ef9,19740725,TYPE 1,STANDARD,ALLERQUEST,MATCH,date+class+priority+holder all equal
PRE1980AUDIT-1974-43,NDA017048,probe_NDA017048.json,https://api.fda.gov/drug/drugsfda.json?search=application_number:%22NDA017048%22&limit=1000,83cea8fcc6d290672718cb77d601de4f4206484f91e8c4ba4722fb126f231dd5,19740726,TYPE 1,PRIORITY,WYETH AYERST,MATCH,date+class+priority+holder all equal
PRE1980AUDIT-1974-46,NDA050467,probe_NDA050467.json,https://api.fda.gov/drug/drugsfda.json?search=application_number:%22NDA050467%22&limit=1000,08e31437d5aa19f275822093a5ca4b18d9b9837f12e52d1a830a9c586a45c105,19740807,TYPE 1,PRIORITY,PFIZER,MATCH,date+class+priority+holder all equal
PRE1980AUDIT-1974-48,NDA017503,probe_NDA017503.json,https://api.fda.gov/drug/drugsfda.json?search=application_number:%22NDA017503%22&limit=1000,f79ca7c79b9640c13cc6a6f4247d5dfce4b1ee51d7cdd51a92164d3035954079,19740903,TYPE 1/4,PRIORITY,BOEHRINGER INGELHEIM,MATCH,date+class+priority+holder all equal
PRE1980AUDIT-1974-50,NDA017463,probe_NDA017463.json,https://api.fda.gov/drug/drugsfda.json?search=application_number:%22NDA017463%22&limit=1000,1b9a4a388bb579ef2e5c40300315e51bc100a6124260ba4e38e393c32fd38afd,19740919,TYPE 1,PRIORITY,MCNEIL CONSUMER,MATCH,date+class+priority+holder all equal
PRE1980AUDIT-1974-63,NDA017551,probe_NDA017551.json,https://api.fda.gov/drug/drugsfda.json?search=application_number:%22NDA017551%22&limit=1000,e6c1f1a6dd93a1a73981180c53b50b75aec914fc44486bfd667990da4fac171c,19741121,TYPE 1,STANDARD,MALLINCKRODT,MATCH,date+class+priority+holder all equal
PRE1980AUDIT-1974-65,NDA017556,probe_NDA017556.json,https://api.fda.gov/drug/drugsfda.json?search=application_number:%22NDA017556%22&limit=1000,5ecfda3bc7e1dfd031ee712ebbb285b1afcf91ec3c6a78a8db0461beec221d73,19741127,TYPE 1,STANDARD,SUN PHARM INDS INC,MATCH,date+class+priority+holder all equal
PRE1980AUDIT-1975-01,NDA016832,probe_NDA016832.json,https://api.fda.gov/drug/drugsfda.json?search=application_number:%22NDA016832%22&limit=1000,5e2e9462d6b1baf79736fcf9863ff58dbb7313a599159a5802e4ae23fb1816a5,19750127,TYPE 1,PRIORITY,ABBOTT,MATCH,date+class+priority+holder all equal
PRE1980AUDIT-1975-03,NDA017613,probe_NDA017613.json,https://api.fda.gov/drug/drugsfda.json?search=application_number:%22NDA017613%22&limit=1000,b8da828e2b7de4d1f0576e2a4392c46756b2fe112eb845ab86dc1841e8eb28c7,19750203,TYPE 1,PRIORITY,SCHERING PLOUGH,MATCH,date+class+priority+holder all equal
PRE1980AUDIT-1975-05,NDA017525,probe_NDA017525.json,https://api.fda.gov/drug/drugsfda.json?search=application_number:%22NDA017525%22&limit=1000,8f7f4befd703f156e879527c591899da0d28c8aacbf8baf3cef0c76219770653,19750225,TYPE 1,STANDARD,TEVA BRANDED PHARM,MATCH,date+class+priority+holder all equal
PRE1980AUDIT-1975-17,NDA017555,probe_NDA017555.json,https://api.fda.gov/drug/drugsfda.json?search=application_number:%22NDA017555%22&limit=1000,88cdd83f711ac6821c60547533eb8edfca2f2df692f8e733fc5f4f0a6c548a39,19750502,TYPE 1/4,PRIORITY,ORGANON,MATCH,date+class+priority+holder all equal
PRE1980AUDIT-1975-20,NDA017575,probe_NDA017575.json,https://api.fda.gov/drug/drugsfda.json?search=application_number:%22NDA017575%22&limit=1000,2d5d7312b3eb84ebf399ba359a11abf695bf5c7758d02d68a02b8a58ddfa5e1e,19750527,TYPE 1,STANDARD,BAYER HLTHCARE,MATCH,date+class+priority+holder all equal
PRE1980AUDIT-1975-22,NDA017533,probe_NDA017533.json,https://api.fda.gov/drug/drugsfda.json?search=application_number:%22NDA017533%22&limit=1000,3410de282a8cf8197082bd7be66d7c38320591dcef4e1879bbadec0c8da4e078,19750604,TYPE 1,PRIORITY,CHEPLAPHARM,MATCH,date+class+priority+holder all equal
PRE1980AUDIT-1975-23,NDA050477,probe_NDA050477.json,https://api.fda.gov/drug/drugsfda.json?search=application_number:%22NDA050477%22&limit=1000,8ed4891ecf263490e1e5b90aaeef93bcf685952a4b944f9fdcde52259c68165d,19750611,TYPE 1,STANDARD,LILLY,MATCH,date+class+priority+holder all equal
PRE1980AUDIT-1975-24,NDA017577,probe_NDA017577.json,https://api.fda.gov/drug/drugsfda.json?search=application_number:%22NDA017577%22&limit=1000,b943a8b1f5f8cb260042de0c6c49f08e95be7079ff2f6b6af8aca6b5fa3fa666,19750716,TYPE 1,STANDARD,JANSSEN PHARMS,MATCH,date+class+priority+holder all equal
PRE1980AUDIT-1975-34,NDA017569,probe_NDA017569.json,https://api.fda.gov/drug/drugsfda.json?search=application_number:%22NDA017569%22&limit=1000,0969ae1c5c833e1bc963e15c9227ac43c8982ea1696567cd249409de7caf784f,19750912,TYPE 1,PRIORITY,GLENWOOD,MATCH,date+class+priority+holder all equal
PRE1980AUDIT-1976-06,BLA017835,probe_BLA017835.json,https://api.fda.gov/drug/drugsfda.json?search=application_number:%22BLA017835%22&limit=1000,fdaf8fc0e8078f3cccd00077add51eef845a9671bef34cc8526fdd769e91cf8d,19760223,TYPE 1,PRIORITY,ISO TEX,MATCH,date+class+priority+holder all equal
PRE1980AUDIT-1976-07,BLA017836,probe_BLA017836.json,https://api.fda.gov/drug/drugsfda.json?search=application_number:%22BLA017836%22&limit=1000,9672217e5f55a7969b1750ef576c3ff22178ee0016085447781205a26a85ff6c,19760223,TYPE 1,PRIORITY,ISO TEX,MATCH,date+class+priority+holder all equal
PRE1980AUDIT-1976-10,NDA017518,probe_NDA017518.json,https://api.fda.gov/drug/drugsfda.json?search=application_number:%22NDA017518%22&limit=1000,6dd7b62ae084145434dd3fa282ffcac22a06c11302359fe6b9fcfcd7865c36cd,19760311,TYPE 1,PRIORITY,3M,MATCH,date+class+priority+holder all equal
PRE1980AUDIT-1976-11,NDA017581,probe_NDA017581.json,https://api.fda.gov/drug/drugsfda.json?search=application_number:%22NDA017581%22&limit=1000,f6f0e0598dd3b764727b1f9114f3088281ba979dceebe2934370f445c94db0c4,19760311,TYPE 1,STANDARD,ATNAHS PHARMA US,MATCH,date+class+priority+holder all equal
PRE1980AUDIT-1976-12,NDA017604,probe_NDA017604.json,https://api.fda.gov/drug/drugsfda.json?search=application_number:%22NDA017604%22&limit=1000,8e7f4873f70d00d50a11490e8c6344ce1a9e03ffcebdf85306e89a4d52cb8f79,19760316,TYPE 1,PRIORITY,PHARMACO,MATCH,date+class+priority+holder all equal
PRE1980AUDIT-1976-16,NDA017628,probe_NDA017628.json,https://api.fda.gov/drug/drugsfda.json?search=application_number:%22NDA017628%22&limit=1000,16bf89a958bffab1e3cca4d7f20d0a8df76e65b14890fcf8603aa18f8ef35dc1,19760324,TYPE 1,STANDARD,ORTHO MCNEIL JANSSEN,MATCH,date+class+priority+holder all equal
PRE1980AUDIT-1976-17,NDA017630,probe_NDA017630.json,https://api.fda.gov/drug/drugsfda.json?search=application_number:%22NDA017630%22&limit=1000,f05c6cda98913d1355e29df930f190adc55358ed9238629cb9c6430aab186f0e,19760324,TYPE 1,PRIORITY,GE HEALTHCARE,MATCH,date+class+priority+holder all equal
PRE1980AUDIT-1976-19,NDA017657,probe_NDA017657.json,https://api.fda.gov/drug/drugsfda.json?search=application_number:%22NDA017657%22&limit=1000,b95672a86db9c592566be4932447f72c08c71ee9eaff0703a2e90ef66cb1c9b9,19760325,TYPE 1,PRIORITY,SANOFI AVENTIS US,MATCH,date+class+priority+holder all equal
PRE1980AUDIT-1976-27,NDA017573,probe_NDA017573.json,https://api.fda.gov/drug/drugsfda.json?search=application_number:%22NDA017573%22&limit=1000,a0ab34e0b0eea8083e4806ff8042c29bf9e73a55bbb12cf9b5c51ff8681833dd,19760512,TYPE 1,PRIORITY,SCHERING,MATCH,date+class+priority+holder all equal
PRE1980AUDIT-1976-31,NDA017478,probe_NDA017478.json,https://api.fda.gov/drug/drugsfda.json?search=application_number:%22NDA017478%22&limit=1000,06979fa00487e000d461057141c8d3c0e333a33c8f1032fefccda6d55ec3df33,19760517,TYPE 1,PRIORITY,LANTHEUS MEDCL,MATCH,date+class+priority+holder all equal
PRE1980AUDIT-1976-38,NDA017557,probe_NDA017557.json,https://api.fda.gov/drug/drugsfda.json?search=application_number:%22NDA017557%22&limit=1000,846a9f3858bd624fb068f2420f35f472f73e1d924a3b780b2dab71523f77c53c,19760621,TYPE 1,PRIORITY,SANOFI AVENTIS US,MATCH,date+class+priority+holder all equal
PRE1980AUDIT-1976-40,NDA017442,probe_NDA017442.json,https://api.fda.gov/drug/drugsfda.json?search=application_number:%22NDA017442%22&limit=1000,60004db92406556b1a356053d73f302711db0c14ae0900826f7c4ec10b5f308d,19760623,TYPE 1,PRIORITY,PFIZER,MATCH,date+class+priority+holder all equal
PRE1980AUDIT-1976-43,NDA017697,probe_NDA017697.json,https://api.fda.gov/drug/drugsfda.json?search=application_number:%22NDA017697%22&limit=1000,c36f13963cda7b2a7e88ee311bec59ca53acff7285d1e29803545e1bfd642d19,19760721,TYPE 1,PRIORITY,BRACCO,MATCH,date+class+priority+holder all equal
PRE1980AUDIT-1976-45,NDA017588,probe_NDA017588.json,https://api.fda.gov/drug/drugsfda.json?search=application_number:%22NDA017588%22&limit=1000,73e34060529c217a8538f20919caa489ad45f397068291693ea3b47c80bee5f2,19760804,TYPE 1,STANDARD,AZURITY,MATCH,date+class+priority+holder all equal
PRE1980AUDIT-1976-47,NDA017751,probe_NDA017751.json,https://api.fda.gov/drug/drugsfda.json?search=application_number:%22NDA017751%22&limit=1000,3066000e911e7abe903e8020b6047aa3ef1359ff19896ff69ab8eef4d32a67f2,19760830,TYPE 1,STANDARD,ASTRAZENECA,MATCH,date+class+priority+holder all equal
PRE1980AUDIT-1976-54,NDA017594,probe_NDA017594.json,https://api.fda.gov/drug/drugsfda.json?search=application_number:%22NDA017594%22&limit=1000,d712291d47966e79d450b07779e6fbdb5191290a249a3bcdd20e3071cda43d3a,19761019,TYPE 1,STANDARD,WESTWOOD SQUIBB,MATCH,date+class+priority+holder all equal
PRE1980AUDIT-1976-60,NDA017638,probe_NDA017638.json,https://api.fda.gov/drug/drugsfda.json?search=application_number:%22NDA017638%22&limit=1000,750b95ff377ad0b5961abb89ebad8718935f2be07d208b377c3de0875ef345cb,19761105,TYPE 1,PRIORITY,ABBOTT,MATCH,date+class+priority+holder all equal
PRE1980AUDIT-1976-64,NDA050497,probe_NDA050497.json,https://api.fda.gov/drug/drugsfda.json?search=application_number:%22NDA050497%22&limit=1000,1c7da835e20ac3800bb8a84b51da16f596b38c80a5e6bc3dc0617f9aedb91a4a,19761109,TYPE 1,STANDARD,GLAXOSMITHKLINE,MATCH,date+class+priority+holder all equal
PRE1980AUDIT-1976-65,NDA017869,probe_NDA017869.json,https://api.fda.gov/drug/drugsfda.json?search=application_number:%22NDA017869%22&limit=1000,df28b80a65ce6b34df6797f6e4728c4741cd334e40c372a51d72aefeea68f693,19761110,TYPE 1,STANDARD,NOVARTIS,MATCH,date+class+priority+holder all equal
PRE1980AUDIT-1976-75,NDA050486,probe_NDA050486.json,https://api.fda.gov/drug/drugsfda.json?search=application_number:%22NDA050486%22&limit=1000,042f5c9a0af0c376f43d482921fe33f98a76ddee3145abc6964f59ceb6997c8a,19761126,TYPE 1,PRIORITY,PARKEDALE,MATCH,date+class+priority+holder all equal
PRE1980AUDIT-1976-80,NDA017694,probe_NDA017694.json,https://api.fda.gov/drug/drugsfda.json?search=application_number:%22NDA017694%22&limit=1000,e79fb929c02aba14de61c21efbd5c74c34b47faef203cce45525d53c4fe326ee,19761228,TYPE 1,STANDARD,J AND J CONSUMER INC,MATCH,date+class+priority+holder all equal
