row_id,year,era,agency_of_record,premarket_approval_regime,statute_citation,statute_enacted_date,statute_verbatim_quote,fda_drug_approval_decisions_recorded,recorded_decisions_basis,official_fda_series_coverage,landmark_event,determination,source_url_1,source_url_2,source_url_3,verification_status,notes
PRE1939REG-1902,1902,Federal biologics licensure only (pre-Food-and-Drugs-Act),"Public Health Service, U.S. Treasury Department (Hygienic Laboratory)","Federal pre-market LICENSURE of biologics: establishment license issued by the Secretary of the Treasury, plus package labeling of proper name, manufacturer, license number and expiration date. No approval system for drugs generally.","Act of July 1, 1902, ch. 1378, Pub. L. 57-244, 32 Stat. 728",1902-07-01,"""no person shall sell, barter, or exchange ... any virus, therapeutic serum, toxin, antitoxin, or analogous product applicable to the prevention and cure of diseases of man, unless (a) such virus, serum, toxin, antitoxin, or product has been propagated and prepared at an establishment holding an unsuspended and unrevoked license, issued by the Secretary of the Treasury""",0,Minimum SubmissionStatusDate over the official 1938-1964 Submissions extract is 1939-02-09; the openFDA payload block starts at decisions_1939.json.,"Not covered - FDA's official 'Summary of NDA approvals and receipts, 1938-present' series begins in 1938","Biologics Control Act enacted July 1, 1902","0 FDA drug-approval decision rows recorded. The official Drugs@FDA database's earliest recorded drug-approval action is 1939-02-09 (NDA000552), so this year has no decision record in any official database this project can cite. Recorded as the boundary, not as an omission.",https://www.govinfo.gov/content/pkg/STATUTE-32/pdf/STATUTE-32-Pg728.pdf,https://uscode.house.gov/view.xhtml?req=granuleid:USC-prelim-title21-section355&num=0&edition=prelim,,Verified - statute/regime from the cited official primary source; decision count from the cited official extract (v28 (2026-09-21)),"No drug-approval decision row is asserted for this year because no official record of one exists. Blank beats guessed: no drug name, sponsor, indication, ticker or count is invented to fill the year. Where a landmark event is cited it is quoted from the linked official source."
PRE1939REG-1903,1903,Federal biologics licensure only (pre-Food-and-Drugs-Act),"Public Health Service, U.S. Treasury Department (biologics licensure only)",No federal drug law of general application. Biologics required an establishment license under the Biologics Control Act of 1902.,"Pure Food and Drugs Act, Act of June 30, 1906, ch. 3915, 34 Stat. 768",1906-06-30,"Sec. 4: ""the examinations of specimens of foods and drugs shall be made in the Bureau of Chemistry of the Department of Agriculture"". The Act creates no approval procedure: enforcement is by adulteration/misbranding prohibition, notice, certification to the district attorney, seizure and criminal penalty.",0,Minimum SubmissionStatusDate over the official 1938-1964 Submissions extract is 1939-02-09; the openFDA payload block starts at decisions_1939.json.,"Not covered - FDA's official 'Summary of NDA approvals and receipts, 1938-present' series begins in 1938",,"0 FDA drug-approval decision rows recorded. The official Drugs@FDA database's earliest recorded drug-approval action is 1939-02-09 (NDA000552), so this year has no decision record in any official database this project can cite. Recorded as the boundary, not as an omission.",https://www.govinfo.gov/content/pkg/STATUTE-34/pdf/STATUTE-34-Pg768.pdf,https://www.govinfo.gov/content/pkg/STATUTE-32/pdf/STATUTE-32-Pg728.pdf,,Verified - statute/regime from the cited official primary source; decision count from the cited official extract (v28 (2026-09-21)),"No drug-approval decision row is asserted for this year because no official record of one exists. Blank beats guessed: no drug name, sponsor, indication, ticker or count is invented to fill the year. Where a landmark event is cited it is quoted from the linked official source."
PRE1939REG-1904,1904,Federal biologics licensure only (pre-Food-and-Drugs-Act),"Public Health Service, U.S. Treasury Department (biologics licensure only)",No federal drug law of general application. Biologics required an establishment license under the Biologics Control Act of 1902.,"Pure Food and Drugs Act, Act of June 30, 1906, ch. 3915, 34 Stat. 768",1906-06-30,"Sec. 4: ""the examinations of specimens of foods and drugs shall be made in the Bureau of Chemistry of the Department of Agriculture"". The Act creates no approval procedure: enforcement is by adulteration/misbranding prohibition, notice, certification to the district attorney, seizure and criminal penalty.",0,Minimum SubmissionStatusDate over the official 1938-1964 Submissions extract is 1939-02-09; the openFDA payload block starts at decisions_1939.json.,"Not covered - FDA's official 'Summary of NDA approvals and receipts, 1938-present' series begins in 1938",,"0 FDA drug-approval decision rows recorded. The official Drugs@FDA database's earliest recorded drug-approval action is 1939-02-09 (NDA000552), so this year has no decision record in any official database this project can cite. Recorded as the boundary, not as an omission.",https://www.govinfo.gov/content/pkg/STATUTE-34/pdf/STATUTE-34-Pg768.pdf,https://www.govinfo.gov/content/pkg/STATUTE-32/pdf/STATUTE-32-Pg728.pdf,,Verified - statute/regime from the cited official primary source; decision count from the cited official extract (v28 (2026-09-21)),"No drug-approval decision row is asserted for this year because no official record of one exists. Blank beats guessed: no drug name, sponsor, indication, ticker or count is invented to fill the year. Where a landmark event is cited it is quoted from the linked official source."
PRE1939REG-1905,1905,Federal biologics licensure only (pre-Food-and-Drugs-Act),"Public Health Service, U.S. Treasury Department (biologics licensure only)",No federal drug law of general application. Biologics required an establishment license under the Biologics Control Act of 1902.,"Pure Food and Drugs Act, Act of June 30, 1906, ch. 3915, 34 Stat. 768",1906-06-30,"Sec. 4: ""the examinations of specimens of foods and drugs shall be made in the Bureau of Chemistry of the Department of Agriculture"". The Act creates no approval procedure: enforcement is by adulteration/misbranding prohibition, notice, certification to the district attorney, seizure and criminal penalty.",0,Minimum SubmissionStatusDate over the official 1938-1964 Submissions extract is 1939-02-09; the openFDA payload block starts at decisions_1939.json.,"Not covered - FDA's official 'Summary of NDA approvals and receipts, 1938-present' series begins in 1938",,"0 FDA drug-approval decision rows recorded. The official Drugs@FDA database's earliest recorded drug-approval action is 1939-02-09 (NDA000552), so this year has no decision record in any official database this project can cite. Recorded as the boundary, not as an omission.",https://www.govinfo.gov/content/pkg/STATUTE-34/pdf/STATUTE-34-Pg768.pdf,https://www.govinfo.gov/content/pkg/STATUTE-32/pdf/STATUTE-32-Pg728.pdf,,Verified - statute/regime from the cited official primary source; decision count from the cited official extract (v28 (2026-09-21)),"No drug-approval decision row is asserted for this year because no official record of one exists. Blank beats guessed: no drug name, sponsor, indication, ticker or count is invented to fill the year. Where a landmark event is cited it is quoted from the linked official source."
PRE1939REG-1906,1906,Pre-market approval era: 1906 Act regime (no drug approval system),"Bureau of Chemistry, U.S. Department of Agriculture","NO pre-market approval. Prohibition on manufacturing or shipping adulterated or misbranded drugs in interstate commerce; enforcement by notice, certification to the U.S. district attorney, seizure and criminal penalty.","Pure Food and Drugs Act, Act of June 30, 1906, ch. 3915, 34 Stat. 768",1906-06-30,"Sec. 4: ""the examinations of specimens of foods and drugs shall be made in the Bureau of Chemistry of the Department of Agriculture"". The Act creates no approval procedure: enforcement is by adulteration/misbranding prohibition, notice, certification to the district attorney, seizure and criminal penalty.",0,Minimum SubmissionStatusDate over the official 1938-1964 Submissions extract is 1939-02-09; the openFDA payload block starts at decisions_1939.json.,"Not covered - FDA's official 'Summary of NDA approvals and receipts, 1938-present' series begins in 1938","Pure Food and Drugs Act enacted June 30, 1906","0 FDA drug-approval decision rows recorded. The official Drugs@FDA database's earliest recorded drug-approval action is 1939-02-09 (NDA000552), so this year has no decision record in any official database this project can cite. Recorded as the boundary, not as an omission.",https://www.govinfo.gov/content/pkg/STATUTE-34/pdf/STATUTE-34-Pg768.pdf,https://uscode.house.gov/view.xhtml?req=granuleid:USC-prelim-title21-section355&num=0&edition=prelim,,Verified - statute/regime from the cited official primary source; decision count from the cited official extract (v28 (2026-09-21)),"No drug-approval decision row is asserted for this year because no official record of one exists. Blank beats guessed: no drug name, sponsor, indication, ticker or count is invented to fill the year. Where a landmark event is cited it is quoted from the linked official source."
PRE1939REG-1907,1907,Pre-market approval era: 1906 Act regime (no drug approval system),"Bureau of Chemistry, U.S. Department of Agriculture",No general federal pre-market drug approval. Biologics required an establishment license under the Biologics Control Act of 1902; all other drugs were unapproved by default and regulated only against adulteration and misbranding. (1906 Act).,"Pure Food and Drugs Act, Act of June 30, 1906, ch. 3915, 34 Stat. 768",1906-06-30,"Sec. 4: ""the examinations of specimens of foods and drugs shall be made in the Bureau of Chemistry of the Department of Agriculture"". The Act creates no approval procedure: enforcement is by adulteration/misbranding prohibition, notice, certification to the district attorney, seizure and criminal penalty.",0,Minimum SubmissionStatusDate over the official 1938-1964 Submissions extract is 1939-02-09; the openFDA payload block starts at decisions_1939.json.,"Not covered - FDA's official 'Summary of NDA approvals and receipts, 1938-present' series begins in 1938",,"0 FDA drug-approval decision rows recorded. The official Drugs@FDA database's earliest recorded drug-approval action is 1939-02-09 (NDA000552), so this year has no decision record in any official database this project can cite. Recorded as the boundary, not as an omission.",https://www.govinfo.gov/content/pkg/STATUTE-34/pdf/STATUTE-34-Pg768.pdf,https://www.govinfo.gov/content/pkg/STATUTE-32/pdf/STATUTE-32-Pg728.pdf,,Verified - statute/regime from the cited official primary source; decision count from the cited official extract (v28 (2026-09-21)),"No drug-approval decision row is asserted for this year because no official record of one exists. Blank beats guessed: no drug name, sponsor, indication, ticker or count is invented to fill the year. Where a landmark event is cited it is quoted from the linked official source."
PRE1939REG-1908,1908,Pre-market approval era: 1906 Act regime (no drug approval system),"Bureau of Chemistry, U.S. Department of Agriculture",No general federal pre-market drug approval. Biologics required an establishment license under the Biologics Control Act of 1902; all other drugs were unapproved by default and regulated only against adulteration and misbranding. (1906 Act).,"Pure Food and Drugs Act, Act of June 30, 1906, ch. 3915, 34 Stat. 768",1906-06-30,"Sec. 4: ""the examinations of specimens of foods and drugs shall be made in the Bureau of Chemistry of the Department of Agriculture"". The Act creates no approval procedure: enforcement is by adulteration/misbranding prohibition, notice, certification to the district attorney, seizure and criminal penalty.",0,Minimum SubmissionStatusDate over the official 1938-1964 Submissions extract is 1939-02-09; the openFDA payload block starts at decisions_1939.json.,"Not covered - FDA's official 'Summary of NDA approvals and receipts, 1938-present' series begins in 1938",,"0 FDA drug-approval decision rows recorded. The official Drugs@FDA database's earliest recorded drug-approval action is 1939-02-09 (NDA000552), so this year has no decision record in any official database this project can cite. Recorded as the boundary, not as an omission.",https://www.govinfo.gov/content/pkg/STATUTE-34/pdf/STATUTE-34-Pg768.pdf,https://www.govinfo.gov/content/pkg/STATUTE-32/pdf/STATUTE-32-Pg728.pdf,,Verified - statute/regime from the cited official primary source; decision count from the cited official extract (v28 (2026-09-21)),"No drug-approval decision row is asserted for this year because no official record of one exists. Blank beats guessed: no drug name, sponsor, indication, ticker or count is invented to fill the year. Where a landmark event is cited it is quoted from the linked official source."
PRE1939REG-1909,1909,Pre-market approval era: 1906 Act regime (no drug approval system),"Bureau of Chemistry, U.S. Department of Agriculture",No general federal pre-market drug approval. Biologics required an establishment license under the Biologics Control Act of 1902; all other drugs were unapproved by default and regulated only against adulteration and misbranding. (1906 Act).,"Pure Food and Drugs Act, Act of June 30, 1906, ch. 3915, 34 Stat. 768",1906-06-30,"Sec. 4: ""the examinations of specimens of foods and drugs shall be made in the Bureau of Chemistry of the Department of Agriculture"". The Act creates no approval procedure: enforcement is by adulteration/misbranding prohibition, notice, certification to the district attorney, seizure and criminal penalty.",0,Minimum SubmissionStatusDate over the official 1938-1964 Submissions extract is 1939-02-09; the openFDA payload block starts at decisions_1939.json.,"Not covered - FDA's official 'Summary of NDA approvals and receipts, 1938-present' series begins in 1938",,"0 FDA drug-approval decision rows recorded. The official Drugs@FDA database's earliest recorded drug-approval action is 1939-02-09 (NDA000552), so this year has no decision record in any official database this project can cite. Recorded as the boundary, not as an omission.",https://www.govinfo.gov/content/pkg/STATUTE-34/pdf/STATUTE-34-Pg768.pdf,https://www.govinfo.gov/content/pkg/STATUTE-32/pdf/STATUTE-32-Pg728.pdf,,Verified - statute/regime from the cited official primary source; decision count from the cited official extract (v28 (2026-09-21)),"No drug-approval decision row is asserted for this year because no official record of one exists. Blank beats guessed: no drug name, sponsor, indication, ticker or count is invented to fill the year. Where a landmark event is cited it is quoted from the linked official source."
PRE1939REG-1910,1910,Pre-market approval era: 1906 Act regime (no drug approval system),"Bureau of Chemistry, U.S. Department of Agriculture",No general federal pre-market drug approval. Biologics required an establishment license under the Biologics Control Act of 1902; all other drugs were unapproved by default and regulated only against adulteration and misbranding. (1906 Act).,"Pure Food and Drugs Act, Act of June 30, 1906, ch. 3915, 34 Stat. 768",1906-06-30,"Sec. 4: ""the examinations of specimens of foods and drugs shall be made in the Bureau of Chemistry of the Department of Agriculture"". The Act creates no approval procedure: enforcement is by adulteration/misbranding prohibition, notice, certification to the district attorney, seizure and criminal penalty.",0,Minimum SubmissionStatusDate over the official 1938-1964 Submissions extract is 1939-02-09; the openFDA payload block starts at decisions_1939.json.,"Not covered - FDA's official 'Summary of NDA approvals and receipts, 1938-present' series begins in 1938",,"0 FDA drug-approval decision rows recorded. The official Drugs@FDA database's earliest recorded drug-approval action is 1939-02-09 (NDA000552), so this year has no decision record in any official database this project can cite. Recorded as the boundary, not as an omission.",https://www.govinfo.gov/content/pkg/STATUTE-34/pdf/STATUTE-34-Pg768.pdf,https://www.govinfo.gov/content/pkg/STATUTE-32/pdf/STATUTE-32-Pg728.pdf,,Verified - statute/regime from the cited official primary source; decision count from the cited official extract (v28 (2026-09-21)),"No drug-approval decision row is asserted for this year because no official record of one exists. Blank beats guessed: no drug name, sponsor, indication, ticker or count is invented to fill the year. Where a landmark event is cited it is quoted from the linked official source."
PRE1939REG-1911,1911,Pre-market approval era: 1906 Act regime (no drug approval system),"Bureau of Chemistry, U.S. Department of Agriculture",No general federal pre-market drug approval. Biologics required an establishment license under the Biologics Control Act of 1902; all other drugs were unapproved by default and regulated only against adulteration and misbranding. (1906 Act).,"Pure Food and Drugs Act, Act of June 30, 1906, ch. 3915, 34 Stat. 768",1906-06-30,"Sec. 4: ""the examinations of specimens of foods and drugs shall be made in the Bureau of Chemistry of the Department of Agriculture"". The Act creates no approval procedure: enforcement is by adulteration/misbranding prohibition, notice, certification to the district attorney, seizure and criminal penalty.",0,Minimum SubmissionStatusDate over the official 1938-1964 Submissions extract is 1939-02-09; the openFDA payload block starts at decisions_1939.json.,"Not covered - FDA's official 'Summary of NDA approvals and receipts, 1938-present' series begins in 1938",,"0 FDA drug-approval decision rows recorded. The official Drugs@FDA database's earliest recorded drug-approval action is 1939-02-09 (NDA000552), so this year has no decision record in any official database this project can cite. Recorded as the boundary, not as an omission.",https://www.govinfo.gov/content/pkg/STATUTE-34/pdf/STATUTE-34-Pg768.pdf,https://www.govinfo.gov/content/pkg/STATUTE-32/pdf/STATUTE-32-Pg728.pdf,,Verified - statute/regime from the cited official primary source; decision count from the cited official extract (v28 (2026-09-21)),"No drug-approval decision row is asserted for this year because no official record of one exists. Blank beats guessed: no drug name, sponsor, indication, ticker or count is invented to fill the year. Where a landmark event is cited it is quoted from the linked official source."
PRE1939REG-1912,1912,Pre-market approval era: 1906 Act regime (no drug approval system),"Bureau of Chemistry, U.S. Department of Agriculture","Still no pre-market approval. Adds false-and-fraudulent therapeutic claims as a ground of misbranding, so therapeutic claims become actionable.","Act of Aug. 23, 1912, ch. 352, 37 Stat. 416",1912-08-23,"adds a third paragraph to Sec. 8: ""If its package or label shall bear or contain any statement, design, or device regarding the curative or therapeutic effect of such article ... which is false and fraudulent.""",0,Minimum SubmissionStatusDate over the official 1938-1964 Submissions extract is 1939-02-09; the openFDA payload block starts at decisions_1939.json.,"Not covered - FDA's official 'Summary of NDA approvals and receipts, 1938-present' series begins in 1938","Sherley Amendment enacted August 23, 1912","0 FDA drug-approval decision rows recorded. The official Drugs@FDA database's earliest recorded drug-approval action is 1939-02-09 (NDA000552), so this year has no decision record in any official database this project can cite. Recorded as the boundary, not as an omission.",https://www.govinfo.gov/content/pkg/STATUTE-37/pdf/STATUTE-37-Pg416.pdf,https://www.govinfo.gov/content/pkg/STATUTE-34/pdf/STATUTE-34-Pg768.pdf,,Verified - statute/regime from the cited official primary source; decision count from the cited official extract (v28 (2026-09-21)),"No drug-approval decision row is asserted for this year because no official record of one exists. Blank beats guessed: no drug name, sponsor, indication, ticker or count is invented to fill the year. Where a landmark event is cited it is quoted from the linked official source."
PRE1939REG-1913,1913,Pre-market approval era: 1906 Act regime (no drug approval system),"Bureau of Chemistry, U.S. Department of Agriculture",No general federal pre-market drug approval. Biologics required an establishment license under the Biologics Control Act of 1902; all other drugs were unapproved by default and regulated only against adulteration and misbranding. (1906 Act as amended by the 1912 Sherley Amendment).,"Pure Food and Drugs Act of 1906 (ch. 3915, 34 Stat. 768) as amended by the Sherley Amendment, Act of Aug. 23, 1912, ch. 352, 37 Stat. 416",1912-08-23,"adds a third paragraph to Sec. 8: ""If its package or label shall bear or contain any statement, design, or device regarding the curative or therapeutic effect of such article ... which is false and fraudulent.""",0,Minimum SubmissionStatusDate over the official 1938-1964 Submissions extract is 1939-02-09; the openFDA payload block starts at decisions_1939.json.,"Not covered - FDA's official 'Summary of NDA approvals and receipts, 1938-present' series begins in 1938",,"0 FDA drug-approval decision rows recorded. The official Drugs@FDA database's earliest recorded drug-approval action is 1939-02-09 (NDA000552), so this year has no decision record in any official database this project can cite. Recorded as the boundary, not as an omission.",https://www.govinfo.gov/content/pkg/STATUTE-37/pdf/STATUTE-37-Pg416.pdf,https://www.govinfo.gov/content/pkg/STATUTE-34/pdf/STATUTE-34-Pg768.pdf,,Verified - statute/regime from the cited official primary source; decision count from the cited official extract (v28 (2026-09-21)),"No drug-approval decision row is asserted for this year because no official record of one exists. Blank beats guessed: no drug name, sponsor, indication, ticker or count is invented to fill the year. Where a landmark event is cited it is quoted from the linked official source."
PRE1939REG-1914,1914,Pre-market approval era: 1906 Act regime (no drug approval system),"Bureau of Chemistry, U.S. Department of Agriculture",No general federal pre-market drug approval. Biologics required an establishment license under the Biologics Control Act of 1902; all other drugs were unapproved by default and regulated only against adulteration and misbranding. (1906 Act as amended by the 1912 Sherley Amendment).,"Pure Food and Drugs Act of 1906 (ch. 3915, 34 Stat. 768) as amended by the Sherley Amendment, Act of Aug. 23, 1912, ch. 352, 37 Stat. 416",1912-08-23,"adds a third paragraph to Sec. 8: ""If its package or label shall bear or contain any statement, design, or device regarding the curative or therapeutic effect of such article ... which is false and fraudulent.""",0,Minimum SubmissionStatusDate over the official 1938-1964 Submissions extract is 1939-02-09; the openFDA payload block starts at decisions_1939.json.,"Not covered - FDA's official 'Summary of NDA approvals and receipts, 1938-present' series begins in 1938",,"0 FDA drug-approval decision rows recorded. The official Drugs@FDA database's earliest recorded drug-approval action is 1939-02-09 (NDA000552), so this year has no decision record in any official database this project can cite. Recorded as the boundary, not as an omission.",https://www.govinfo.gov/content/pkg/STATUTE-37/pdf/STATUTE-37-Pg416.pdf,https://www.govinfo.gov/content/pkg/STATUTE-34/pdf/STATUTE-34-Pg768.pdf,,Verified - statute/regime from the cited official primary source; decision count from the cited official extract (v28 (2026-09-21)),"No drug-approval decision row is asserted for this year because no official record of one exists. Blank beats guessed: no drug name, sponsor, indication, ticker or count is invented to fill the year. Where a landmark event is cited it is quoted from the linked official source."
PRE1939REG-1915,1915,Pre-market approval era: 1906 Act regime (no drug approval system),"Bureau of Chemistry, U.S. Department of Agriculture",No general federal pre-market drug approval. Biologics required an establishment license under the Biologics Control Act of 1902; all other drugs were unapproved by default and regulated only against adulteration and misbranding. (1906 Act as amended by the 1912 Sherley Amendment).,"Pure Food and Drugs Act of 1906 (ch. 3915, 34 Stat. 768) as amended by the Sherley Amendment, Act of Aug. 23, 1912, ch. 352, 37 Stat. 416",1912-08-23,"adds a third paragraph to Sec. 8: ""If its package or label shall bear or contain any statement, design, or device regarding the curative or therapeutic effect of such article ... which is false and fraudulent.""",0,Minimum SubmissionStatusDate over the official 1938-1964 Submissions extract is 1939-02-09; the openFDA payload block starts at decisions_1939.json.,"Not covered - FDA's official 'Summary of NDA approvals and receipts, 1938-present' series begins in 1938",,"0 FDA drug-approval decision rows recorded. The official Drugs@FDA database's earliest recorded drug-approval action is 1939-02-09 (NDA000552), so this year has no decision record in any official database this project can cite. Recorded as the boundary, not as an omission.",https://www.govinfo.gov/content/pkg/STATUTE-37/pdf/STATUTE-37-Pg416.pdf,https://www.govinfo.gov/content/pkg/STATUTE-34/pdf/STATUTE-34-Pg768.pdf,,Verified - statute/regime from the cited official primary source; decision count from the cited official extract (v28 (2026-09-21)),"No drug-approval decision row is asserted for this year because no official record of one exists. Blank beats guessed: no drug name, sponsor, indication, ticker or count is invented to fill the year. Where a landmark event is cited it is quoted from the linked official source."
PRE1939REG-1916,1916,Pre-market approval era: 1906 Act regime (no drug approval system),"Bureau of Chemistry, U.S. Department of Agriculture",No general federal pre-market drug approval. Biologics required an establishment license under the Biologics Control Act of 1902; all other drugs were unapproved by default and regulated only against adulteration and misbranding. (1906 Act as amended by the 1912 Sherley Amendment).,"Pure Food and Drugs Act of 1906 (ch. 3915, 34 Stat. 768) as amended by the Sherley Amendment, Act of Aug. 23, 1912, ch. 352, 37 Stat. 416",1912-08-23,"adds a third paragraph to Sec. 8: ""If its package or label shall bear or contain any statement, design, or device regarding the curative or therapeutic effect of such article ... which is false and fraudulent.""",0,Minimum SubmissionStatusDate over the official 1938-1964 Submissions extract is 1939-02-09; the openFDA payload block starts at decisions_1939.json.,"Not covered - FDA's official 'Summary of NDA approvals and receipts, 1938-present' series begins in 1938",,"0 FDA drug-approval decision rows recorded. The official Drugs@FDA database's earliest recorded drug-approval action is 1939-02-09 (NDA000552), so this year has no decision record in any official database this project can cite. Recorded as the boundary, not as an omission.",https://www.govinfo.gov/content/pkg/STATUTE-37/pdf/STATUTE-37-Pg416.pdf,https://www.govinfo.gov/content/pkg/STATUTE-34/pdf/STATUTE-34-Pg768.pdf,,Verified - statute/regime from the cited official primary source; decision count from the cited official extract (v28 (2026-09-21)),"No drug-approval decision row is asserted for this year because no official record of one exists. Blank beats guessed: no drug name, sponsor, indication, ticker or count is invented to fill the year. Where a landmark event is cited it is quoted from the linked official source."
PRE1939REG-1917,1917,Pre-market approval era: 1906 Act regime (no drug approval system),"Bureau of Chemistry, U.S. Department of Agriculture",No general federal pre-market drug approval. Biologics required an establishment license under the Biologics Control Act of 1902; all other drugs were unapproved by default and regulated only against adulteration and misbranding. (1906 Act as amended by the 1912 Sherley Amendment).,"Pure Food and Drugs Act of 1906 (ch. 3915, 34 Stat. 768) as amended by the Sherley Amendment, Act of Aug. 23, 1912, ch. 352, 37 Stat. 416",1912-08-23,"adds a third paragraph to Sec. 8: ""If its package or label shall bear or contain any statement, design, or device regarding the curative or therapeutic effect of such article ... which is false and fraudulent.""",0,Minimum SubmissionStatusDate over the official 1938-1964 Submissions extract is 1939-02-09; the openFDA payload block starts at decisions_1939.json.,"Not covered - FDA's official 'Summary of NDA approvals and receipts, 1938-present' series begins in 1938",,"0 FDA drug-approval decision rows recorded. The official Drugs@FDA database's earliest recorded drug-approval action is 1939-02-09 (NDA000552), so this year has no decision record in any official database this project can cite. Recorded as the boundary, not as an omission.",https://www.govinfo.gov/content/pkg/STATUTE-37/pdf/STATUTE-37-Pg416.pdf,https://www.govinfo.gov/content/pkg/STATUTE-34/pdf/STATUTE-34-Pg768.pdf,,Verified - statute/regime from the cited official primary source; decision count from the cited official extract (v28 (2026-09-21)),"No drug-approval decision row is asserted for this year because no official record of one exists. Blank beats guessed: no drug name, sponsor, indication, ticker or count is invented to fill the year. Where a landmark event is cited it is quoted from the linked official source."
PRE1939REG-1918,1918,Pre-market approval era: 1906 Act regime (no drug approval system),"Bureau of Chemistry, U.S. Department of Agriculture",No general federal pre-market drug approval. Biologics required an establishment license under the Biologics Control Act of 1902; all other drugs were unapproved by default and regulated only against adulteration and misbranding. (1906 Act as amended by the 1912 Sherley Amendment).,"Pure Food and Drugs Act of 1906 (ch. 3915, 34 Stat. 768) as amended by the Sherley Amendment, Act of Aug. 23, 1912, ch. 352, 37 Stat. 416",1912-08-23,"adds a third paragraph to Sec. 8: ""If its package or label shall bear or contain any statement, design, or device regarding the curative or therapeutic effect of such article ... which is false and fraudulent.""",0,Minimum SubmissionStatusDate over the official 1938-1964 Submissions extract is 1939-02-09; the openFDA payload block starts at decisions_1939.json.,"Not covered - FDA's official 'Summary of NDA approvals and receipts, 1938-present' series begins in 1938",,"0 FDA drug-approval decision rows recorded. The official Drugs@FDA database's earliest recorded drug-approval action is 1939-02-09 (NDA000552), so this year has no decision record in any official database this project can cite. Recorded as the boundary, not as an omission.",https://www.govinfo.gov/content/pkg/STATUTE-37/pdf/STATUTE-37-Pg416.pdf,https://www.govinfo.gov/content/pkg/STATUTE-34/pdf/STATUTE-34-Pg768.pdf,,Verified - statute/regime from the cited official primary source; decision count from the cited official extract (v28 (2026-09-21)),"No drug-approval decision row is asserted for this year because no official record of one exists. Blank beats guessed: no drug name, sponsor, indication, ticker or count is invented to fill the year. Where a landmark event is cited it is quoted from the linked official source."
PRE1939REG-1919,1919,Pre-market approval era: 1906 Act regime (no drug approval system),"Bureau of Chemistry, U.S. Department of Agriculture",No general federal pre-market drug approval. Biologics required an establishment license under the Biologics Control Act of 1902; all other drugs were unapproved by default and regulated only against adulteration and misbranding. (1906 Act as amended by the 1912 Sherley Amendment).,"Pure Food and Drugs Act of 1906 (ch. 3915, 34 Stat. 768) as amended by the Sherley Amendment, Act of Aug. 23, 1912, ch. 352, 37 Stat. 416",1912-08-23,"adds a third paragraph to Sec. 8: ""If its package or label shall bear or contain any statement, design, or device regarding the curative or therapeutic effect of such article ... which is false and fraudulent.""",0,Minimum SubmissionStatusDate over the official 1938-1964 Submissions extract is 1939-02-09; the openFDA payload block starts at decisions_1939.json.,"Not covered - FDA's official 'Summary of NDA approvals and receipts, 1938-present' series begins in 1938",,"0 FDA drug-approval decision rows recorded. The official Drugs@FDA database's earliest recorded drug-approval action is 1939-02-09 (NDA000552), so this year has no decision record in any official database this project can cite. Recorded as the boundary, not as an omission.",https://www.govinfo.gov/content/pkg/STATUTE-37/pdf/STATUTE-37-Pg416.pdf,https://www.govinfo.gov/content/pkg/STATUTE-34/pdf/STATUTE-34-Pg768.pdf,,Verified - statute/regime from the cited official primary source; decision count from the cited official extract (v28 (2026-09-21)),"No drug-approval decision row is asserted for this year because no official record of one exists. Blank beats guessed: no drug name, sponsor, indication, ticker or count is invented to fill the year. Where a landmark event is cited it is quoted from the linked official source."
PRE1939REG-1920,1920,Pre-market approval era: 1906 Act regime (no drug approval system),"Bureau of Chemistry, U.S. Department of Agriculture",No general federal pre-market drug approval. Biologics required an establishment license under the Biologics Control Act of 1902; all other drugs were unapproved by default and regulated only against adulteration and misbranding. (1906 Act as amended by the 1912 Sherley Amendment).,"Pure Food and Drugs Act of 1906 (ch. 3915, 34 Stat. 768) as amended by the Sherley Amendment, Act of Aug. 23, 1912, ch. 352, 37 Stat. 416",1912-08-23,"adds a third paragraph to Sec. 8: ""If its package or label shall bear or contain any statement, design, or device regarding the curative or therapeutic effect of such article ... which is false and fraudulent.""",0,Minimum SubmissionStatusDate over the official 1938-1964 Submissions extract is 1939-02-09; the openFDA payload block starts at decisions_1939.json.,"Not covered - FDA's official 'Summary of NDA approvals and receipts, 1938-present' series begins in 1938",,"0 FDA drug-approval decision rows recorded. The official Drugs@FDA database's earliest recorded drug-approval action is 1939-02-09 (NDA000552), so this year has no decision record in any official database this project can cite. Recorded as the boundary, not as an omission.",https://www.govinfo.gov/content/pkg/STATUTE-37/pdf/STATUTE-37-Pg416.pdf,https://www.govinfo.gov/content/pkg/STATUTE-34/pdf/STATUTE-34-Pg768.pdf,,Verified - statute/regime from the cited official primary source; decision count from the cited official extract (v28 (2026-09-21)),"No drug-approval decision row is asserted for this year because no official record of one exists. Blank beats guessed: no drug name, sponsor, indication, ticker or count is invented to fill the year. Where a landmark event is cited it is quoted from the linked official source."
PRE1939REG-1921,1921,Pre-market approval era: 1906 Act regime (no drug approval system),"Bureau of Chemistry, U.S. Department of Agriculture",No general federal pre-market drug approval. Biologics required an establishment license under the Biologics Control Act of 1902; all other drugs were unapproved by default and regulated only against adulteration and misbranding. (1906 Act as amended by the 1912 Sherley Amendment).,"Pure Food and Drugs Act of 1906 (ch. 3915, 34 Stat. 768) as amended by the Sherley Amendment, Act of Aug. 23, 1912, ch. 352, 37 Stat. 416",1912-08-23,"adds a third paragraph to Sec. 8: ""If its package or label shall bear or contain any statement, design, or device regarding the curative or therapeutic effect of such article ... which is false and fraudulent.""",0,Minimum SubmissionStatusDate over the official 1938-1964 Submissions extract is 1939-02-09; the openFDA payload block starts at decisions_1939.json.,"Not covered - FDA's official 'Summary of NDA approvals and receipts, 1938-present' series begins in 1938",,"0 FDA drug-approval decision rows recorded. The official Drugs@FDA database's earliest recorded drug-approval action is 1939-02-09 (NDA000552), so this year has no decision record in any official database this project can cite. Recorded as the boundary, not as an omission.",https://www.govinfo.gov/content/pkg/STATUTE-37/pdf/STATUTE-37-Pg416.pdf,https://www.govinfo.gov/content/pkg/STATUTE-34/pdf/STATUTE-34-Pg768.pdf,,Verified - statute/regime from the cited official primary source; decision count from the cited official extract (v28 (2026-09-21)),"No drug-approval decision row is asserted for this year because no official record of one exists. Blank beats guessed: no drug name, sponsor, indication, ticker or count is invented to fill the year. Where a landmark event is cited it is quoted from the linked official source."
PRE1939REG-1922,1922,Pre-market approval era: 1906 Act regime (no drug approval system),"Bureau of Chemistry, U.S. Department of Agriculture",No general federal pre-market drug approval. Biologics required an establishment license under the Biologics Control Act of 1902; all other drugs were unapproved by default and regulated only against adulteration and misbranding. (1906 Act as amended by the 1912 Sherley Amendment).,"Pure Food and Drugs Act of 1906 (ch. 3915, 34 Stat. 768) as amended by the Sherley Amendment, Act of Aug. 23, 1912, ch. 352, 37 Stat. 416",1912-08-23,"adds a third paragraph to Sec. 8: ""If its package or label shall bear or contain any statement, design, or device regarding the curative or therapeutic effect of such article ... which is false and fraudulent.""",0,Minimum SubmissionStatusDate over the official 1938-1964 Submissions extract is 1939-02-09; the openFDA payload block starts at decisions_1939.json.,"Not covered - FDA's official 'Summary of NDA approvals and receipts, 1938-present' series begins in 1938",,"0 FDA drug-approval decision rows recorded. The official Drugs@FDA database's earliest recorded drug-approval action is 1939-02-09 (NDA000552), so this year has no decision record in any official database this project can cite. Recorded as the boundary, not as an omission.",https://www.govinfo.gov/content/pkg/STATUTE-37/pdf/STATUTE-37-Pg416.pdf,https://www.govinfo.gov/content/pkg/STATUTE-34/pdf/STATUTE-34-Pg768.pdf,,Verified - statute/regime from the cited official primary source; decision count from the cited official extract (v28 (2026-09-21)),"No drug-approval decision row is asserted for this year because no official record of one exists. Blank beats guessed: no drug name, sponsor, indication, ticker or count is invented to fill the year. Where a landmark event is cited it is quoted from the linked official source."
PRE1939REG-1923,1923,Pre-market approval era: 1906 Act regime (no drug approval system),"Bureau of Chemistry, U.S. Department of Agriculture",No general federal pre-market drug approval. Biologics required an establishment license under the Biologics Control Act of 1902; all other drugs were unapproved by default and regulated only against adulteration and misbranding. (1906 Act as amended by the 1912 Sherley Amendment).,"Pure Food and Drugs Act of 1906 (ch. 3915, 34 Stat. 768) as amended by the Sherley Amendment, Act of Aug. 23, 1912, ch. 352, 37 Stat. 416",1912-08-23,"adds a third paragraph to Sec. 8: ""If its package or label shall bear or contain any statement, design, or device regarding the curative or therapeutic effect of such article ... which is false and fraudulent.""",0,Minimum SubmissionStatusDate over the official 1938-1964 Submissions extract is 1939-02-09; the openFDA payload block starts at decisions_1939.json.,"Not covered - FDA's official 'Summary of NDA approvals and receipts, 1938-present' series begins in 1938",,"0 FDA drug-approval decision rows recorded. The official Drugs@FDA database's earliest recorded drug-approval action is 1939-02-09 (NDA000552), so this year has no decision record in any official database this project can cite. Recorded as the boundary, not as an omission.",https://www.govinfo.gov/content/pkg/STATUTE-37/pdf/STATUTE-37-Pg416.pdf,https://www.govinfo.gov/content/pkg/STATUTE-34/pdf/STATUTE-34-Pg768.pdf,,Verified - statute/regime from the cited official primary source; decision count from the cited official extract (v28 (2026-09-21)),"No drug-approval decision row is asserted for this year because no official record of one exists. Blank beats guessed: no drug name, sponsor, indication, ticker or count is invented to fill the year. Where a landmark event is cited it is quoted from the linked official source."
PRE1939REG-1924,1924,Pre-market approval era: 1906 Act regime (no drug approval system),"Bureau of Chemistry, U.S. Department of Agriculture",No general federal pre-market drug approval. Biologics required an establishment license under the Biologics Control Act of 1902; all other drugs were unapproved by default and regulated only against adulteration and misbranding. (1906 Act as amended by the 1912 Sherley Amendment).,"Pure Food and Drugs Act of 1906 (ch. 3915, 34 Stat. 768) as amended by the Sherley Amendment, Act of Aug. 23, 1912, ch. 352, 37 Stat. 416",1912-08-23,"adds a third paragraph to Sec. 8: ""If its package or label shall bear or contain any statement, design, or device regarding the curative or therapeutic effect of such article ... which is false and fraudulent.""",0,Minimum SubmissionStatusDate over the official 1938-1964 Submissions extract is 1939-02-09; the openFDA payload block starts at decisions_1939.json.,"Not covered - FDA's official 'Summary of NDA approvals and receipts, 1938-present' series begins in 1938",,"0 FDA drug-approval decision rows recorded. The official Drugs@FDA database's earliest recorded drug-approval action is 1939-02-09 (NDA000552), so this year has no decision record in any official database this project can cite. Recorded as the boundary, not as an omission.",https://www.govinfo.gov/content/pkg/STATUTE-37/pdf/STATUTE-37-Pg416.pdf,https://www.govinfo.gov/content/pkg/STATUTE-34/pdf/STATUTE-34-Pg768.pdf,,Verified - statute/regime from the cited official primary source; decision count from the cited official extract (v28 (2026-09-21)),"No drug-approval decision row is asserted for this year because no official record of one exists. Blank beats guessed: no drug name, sponsor, indication, ticker or count is invented to fill the year. Where a landmark event is cited it is quoted from the linked official source."
PRE1939REG-1925,1925,Pre-market approval era: 1906 Act regime (no drug approval system),"Bureau of Chemistry, U.S. Department of Agriculture",No general federal pre-market drug approval. Biologics required an establishment license under the Biologics Control Act of 1902; all other drugs were unapproved by default and regulated only against adulteration and misbranding. (1906 Act as amended by the 1912 Sherley Amendment).,"Pure Food and Drugs Act of 1906 (ch. 3915, 34 Stat. 768) as amended by the Sherley Amendment, Act of Aug. 23, 1912, ch. 352, 37 Stat. 416",1912-08-23,"adds a third paragraph to Sec. 8: ""If its package or label shall bear or contain any statement, design, or device regarding the curative or therapeutic effect of such article ... which is false and fraudulent.""",0,Minimum SubmissionStatusDate over the official 1938-1964 Submissions extract is 1939-02-09; the openFDA payload block starts at decisions_1939.json.,"Not covered - FDA's official 'Summary of NDA approvals and receipts, 1938-present' series begins in 1938",,"0 FDA drug-approval decision rows recorded. The official Drugs@FDA database's earliest recorded drug-approval action is 1939-02-09 (NDA000552), so this year has no decision record in any official database this project can cite. Recorded as the boundary, not as an omission.",https://www.govinfo.gov/content/pkg/STATUTE-37/pdf/STATUTE-37-Pg416.pdf,https://www.govinfo.gov/content/pkg/STATUTE-34/pdf/STATUTE-34-Pg768.pdf,,Verified - statute/regime from the cited official primary source; decision count from the cited official extract (v28 (2026-09-21)),"No drug-approval decision row is asserted for this year because no official record of one exists. Blank beats guessed: no drug name, sponsor, indication, ticker or count is invented to fill the year. Where a landmark event is cited it is quoted from the linked official source."
PRE1939REG-1926,1926,Pre-market approval era: 1906 Act regime (no drug approval system),"Bureau of Chemistry, U.S. Department of Agriculture",No general federal pre-market drug approval. Biologics required an establishment license under the Biologics Control Act of 1902; all other drugs were unapproved by default and regulated only against adulteration and misbranding. (1906 Act as amended by the 1912 Sherley Amendment).,"Pure Food and Drugs Act of 1906 (ch. 3915, 34 Stat. 768) as amended by the Sherley Amendment, Act of Aug. 23, 1912, ch. 352, 37 Stat. 416",1912-08-23,"adds a third paragraph to Sec. 8: ""If its package or label shall bear or contain any statement, design, or device regarding the curative or therapeutic effect of such article ... which is false and fraudulent.""",0,Minimum SubmissionStatusDate over the official 1938-1964 Submissions extract is 1939-02-09; the openFDA payload block starts at decisions_1939.json.,"Not covered - FDA's official 'Summary of NDA approvals and receipts, 1938-present' series begins in 1938",,"0 FDA drug-approval decision rows recorded. The official Drugs@FDA database's earliest recorded drug-approval action is 1939-02-09 (NDA000552), so this year has no decision record in any official database this project can cite. Recorded as the boundary, not as an omission.",https://www.govinfo.gov/content/pkg/STATUTE-37/pdf/STATUTE-37-Pg416.pdf,https://www.govinfo.gov/content/pkg/STATUTE-34/pdf/STATUTE-34-Pg768.pdf,,Verified - statute/regime from the cited official primary source; decision count from the cited official extract (v28 (2026-09-21)),"No drug-approval decision row is asserted for this year because no official record of one exists. Blank beats guessed: no drug name, sponsor, indication, ticker or count is invented to fill the year. Where a landmark event is cited it is quoted from the linked official source."
PRE1939REG-1927,1927,Pre-market approval era: 1906 Act regime (no drug approval system),"Food, Drug, and Insecticide Administration, U.S. Department of Agriculture",No pre-market approval. Same 1906 Act enforcement regime under the new agency name.,"Pure Food and Drugs Act of 1906 (ch. 3915, 34 Stat. 768) as amended by the Sherley Amendment, Act of Aug. 23, 1912, ch. 352, 37 Stat. 416",,"""In 1927 Congress authorized the formation of the Food, Drug, and Insecticide Administration from the regulatory wing of the Bureau of Chemistry; the name of the agency was shortened to the Food and Drug Administration in 1930.""",0,Minimum SubmissionStatusDate over the official 1938-1964 Submissions extract is 1939-02-09; the openFDA payload block starts at decisions_1939.json.,"Not covered - FDA's official 'Summary of NDA approvals and receipts, 1938-present' series begins in 1938","Bureau of Chemistry reorganised; regulatory wing becomes the Food, Drug, and Insecticide Administration","0 FDA drug-approval decision rows recorded. The official Drugs@FDA database's earliest recorded drug-approval action is 1939-02-09 (NDA000552), so this year has no decision record in any official database this project can cite. Recorded as the boundary, not as an omission.",https://www.fda.gov/about-fda/fda-history-research-tools/background-research-tools-fda-history,https://www.govinfo.gov/content/pkg/STATUTE-37/pdf/STATUTE-37-Pg416.pdf,,Verified - statute/regime from the cited official primary source; decision count from the cited official extract (v28 (2026-09-21)),"No drug-approval decision row is asserted for this year because no official record of one exists. Blank beats guessed: no drug name, sponsor, indication, ticker or count is invented to fill the year. Where a landmark event is cited it is quoted from the linked official source."
PRE1939REG-1928,1928,Pre-market approval era: 1906 Act regime (no drug approval system),"Food, Drug, and Insecticide Administration, U.S. Department of Agriculture",No general federal pre-market drug approval. Biologics required an establishment license under the Biologics Control Act of 1902; all other drugs were unapproved by default and regulated only against adulteration and misbranding. (1906 Act as amended by the 1912 Sherley Amendment).,"Pure Food and Drugs Act of 1906 (ch. 3915, 34 Stat. 768) as amended by the Sherley Amendment, Act of Aug. 23, 1912, ch. 352, 37 Stat. 416",1912-08-23,"adds a third paragraph to Sec. 8: ""If its package or label shall bear or contain any statement, design, or device regarding the curative or therapeutic effect of such article ... which is false and fraudulent.""",0,Minimum SubmissionStatusDate over the official 1938-1964 Submissions extract is 1939-02-09; the openFDA payload block starts at decisions_1939.json.,"Not covered - FDA's official 'Summary of NDA approvals and receipts, 1938-present' series begins in 1938",,"0 FDA drug-approval decision rows recorded. The official Drugs@FDA database's earliest recorded drug-approval action is 1939-02-09 (NDA000552), so this year has no decision record in any official database this project can cite. Recorded as the boundary, not as an omission.",https://www.govinfo.gov/content/pkg/STATUTE-37/pdf/STATUTE-37-Pg416.pdf,https://www.govinfo.gov/content/pkg/STATUTE-34/pdf/STATUTE-34-Pg768.pdf,,Verified - statute/regime from the cited official primary source; decision count from the cited official extract (v28 (2026-09-21)),"No drug-approval decision row is asserted for this year because no official record of one exists. Blank beats guessed: no drug name, sponsor, indication, ticker or count is invented to fill the year. Where a landmark event is cited it is quoted from the linked official source."
PRE1939REG-1929,1929,Pre-market approval era: 1906 Act regime (no drug approval system),"Food, Drug, and Insecticide Administration, U.S. Department of Agriculture",No general federal pre-market drug approval. Biologics required an establishment license under the Biologics Control Act of 1902; all other drugs were unapproved by default and regulated only against adulteration and misbranding. (1906 Act as amended by the 1912 Sherley Amendment).,"Pure Food and Drugs Act of 1906 (ch. 3915, 34 Stat. 768) as amended by the Sherley Amendment, Act of Aug. 23, 1912, ch. 352, 37 Stat. 416",1912-08-23,"adds a third paragraph to Sec. 8: ""If its package or label shall bear or contain any statement, design, or device regarding the curative or therapeutic effect of such article ... which is false and fraudulent.""",0,Minimum SubmissionStatusDate over the official 1938-1964 Submissions extract is 1939-02-09; the openFDA payload block starts at decisions_1939.json.,"Not covered - FDA's official 'Summary of NDA approvals and receipts, 1938-present' series begins in 1938",,"0 FDA drug-approval decision rows recorded. The official Drugs@FDA database's earliest recorded drug-approval action is 1939-02-09 (NDA000552), so this year has no decision record in any official database this project can cite. Recorded as the boundary, not as an omission.",https://www.govinfo.gov/content/pkg/STATUTE-37/pdf/STATUTE-37-Pg416.pdf,https://www.govinfo.gov/content/pkg/STATUTE-34/pdf/STATUTE-34-Pg768.pdf,,Verified - statute/regime from the cited official primary source; decision count from the cited official extract (v28 (2026-09-21)),"No drug-approval decision row is asserted for this year because no official record of one exists. Blank beats guessed: no drug name, sponsor, indication, ticker or count is invented to fill the year. Where a landmark event is cited it is quoted from the linked official source."
PRE1939REG-1930,1930,Pre-market approval era: 1906 Act regime (no drug approval system),"Food and Drug Administration, U.S. Department of Agriculture",No pre-market approval. Same 1906 Act enforcement regime.,"Pure Food and Drugs Act of 1906 (ch. 3915, 34 Stat. 768) as amended by the Sherley Amendment, Act of Aug. 23, 1912, ch. 352, 37 Stat. 416",,"""In 1927 Congress authorized the formation of the Food, Drug, and Insecticide Administration from the regulatory wing of the Bureau of Chemistry; the name of the agency was shortened to the Food and Drug Administration in 1930.""",0,Minimum SubmissionStatusDate over the official 1938-1964 Submissions extract is 1939-02-09; the openFDA payload block starts at decisions_1939.json.,"Not covered - FDA's official 'Summary of NDA approvals and receipts, 1938-present' series begins in 1938",Agency name shortened to Food and Drug Administration,"0 FDA drug-approval decision rows recorded. The official Drugs@FDA database's earliest recorded drug-approval action is 1939-02-09 (NDA000552), so this year has no decision record in any official database this project can cite. Recorded as the boundary, not as an omission.",https://www.fda.gov/about-fda/fda-history-research-tools/background-research-tools-fda-history,https://www.govinfo.gov/content/pkg/STATUTE-37/pdf/STATUTE-37-Pg416.pdf,,Verified - statute/regime from the cited official primary source; decision count from the cited official extract (v28 (2026-09-21)),"No drug-approval decision row is asserted for this year because no official record of one exists. Blank beats guessed: no drug name, sponsor, indication, ticker or count is invented to fill the year. Where a landmark event is cited it is quoted from the linked official source. FLAGGED irregularity for review, both sides quoted from official .gov pages: FDA's own history page (https://www.fda.gov/about-fda/fda-history-research-tools/background-research-tools-fda-history) says 'the name of the agency was shortened to the Food and Drug Administration in 1930', while the USDA Food Safety and Inspection Service history page (https://www.fsis.usda.gov/about-fsis/history) says 'In 1931, it was renamed the Food and Drug Administration (FDA).' FDA's page is treated as the agency of record for this register; the conflict is reported, not resolved by choice."
PRE1939REG-1931,1931,Pre-market approval era: 1906 Act regime (no drug approval system),"Food and Drug Administration, U.S. Department of Agriculture",No general federal pre-market drug approval. Biologics required an establishment license under the Biologics Control Act of 1902; all other drugs were unapproved by default and regulated only against adulteration and misbranding. (1906 Act as amended by the 1912 Sherley Amendment).,"Pure Food and Drugs Act of 1906 (ch. 3915, 34 Stat. 768) as amended by the Sherley Amendment, Act of Aug. 23, 1912, ch. 352, 37 Stat. 416",1912-08-23,"adds a third paragraph to Sec. 8: ""If its package or label shall bear or contain any statement, design, or device regarding the curative or therapeutic effect of such article ... which is false and fraudulent.""",0,Minimum SubmissionStatusDate over the official 1938-1964 Submissions extract is 1939-02-09; the openFDA payload block starts at decisions_1939.json.,"Not covered - FDA's official 'Summary of NDA approvals and receipts, 1938-present' series begins in 1938",,"0 FDA drug-approval decision rows recorded. The official Drugs@FDA database's earliest recorded drug-approval action is 1939-02-09 (NDA000552), so this year has no decision record in any official database this project can cite. Recorded as the boundary, not as an omission.",https://www.govinfo.gov/content/pkg/STATUTE-37/pdf/STATUTE-37-Pg416.pdf,https://www.govinfo.gov/content/pkg/STATUTE-34/pdf/STATUTE-34-Pg768.pdf,,Verified - statute/regime from the cited official primary source; decision count from the cited official extract (v28 (2026-09-21)),"No drug-approval decision row is asserted for this year because no official record of one exists. Blank beats guessed: no drug name, sponsor, indication, ticker or count is invented to fill the year. Where a landmark event is cited it is quoted from the linked official source. FLAGGED irregularity for review, both sides quoted from official .gov pages: FDA's own history page (https://www.fda.gov/about-fda/fda-history-research-tools/background-research-tools-fda-history) says 'the name of the agency was shortened to the Food and Drug Administration in 1930', while the USDA Food Safety and Inspection Service history page (https://www.fsis.usda.gov/about-fsis/history) says 'In 1931, it was renamed the Food and Drug Administration (FDA).' FDA's page is treated as the agency of record for this register; the conflict is reported, not resolved by choice."
PRE1939REG-1932,1932,Pre-market approval era: 1906 Act regime (no drug approval system),"Food and Drug Administration, U.S. Department of Agriculture",No general federal pre-market drug approval. Biologics required an establishment license under the Biologics Control Act of 1902; all other drugs were unapproved by default and regulated only against adulteration and misbranding. (1906 Act as amended by the 1912 Sherley Amendment).,"Pure Food and Drugs Act of 1906 (ch. 3915, 34 Stat. 768) as amended by the Sherley Amendment, Act of Aug. 23, 1912, ch. 352, 37 Stat. 416",1912-08-23,"adds a third paragraph to Sec. 8: ""If its package or label shall bear or contain any statement, design, or device regarding the curative or therapeutic effect of such article ... which is false and fraudulent.""",0,Minimum SubmissionStatusDate over the official 1938-1964 Submissions extract is 1939-02-09; the openFDA payload block starts at decisions_1939.json.,"Not covered - FDA's official 'Summary of NDA approvals and receipts, 1938-present' series begins in 1938",,"0 FDA drug-approval decision rows recorded. The official Drugs@FDA database's earliest recorded drug-approval action is 1939-02-09 (NDA000552), so this year has no decision record in any official database this project can cite. Recorded as the boundary, not as an omission.",https://www.govinfo.gov/content/pkg/STATUTE-37/pdf/STATUTE-37-Pg416.pdf,https://www.govinfo.gov/content/pkg/STATUTE-34/pdf/STATUTE-34-Pg768.pdf,,Verified - statute/regime from the cited official primary source; decision count from the cited official extract (v28 (2026-09-21)),"No drug-approval decision row is asserted for this year because no official record of one exists. Blank beats guessed: no drug name, sponsor, indication, ticker or count is invented to fill the year. Where a landmark event is cited it is quoted from the linked official source."
PRE1939REG-1933,1933,Pre-market approval era: 1906 Act regime (no drug approval system),"Food and Drug Administration, U.S. Department of Agriculture",No general federal pre-market drug approval. Biologics required an establishment license under the Biologics Control Act of 1902; all other drugs were unapproved by default and regulated only against adulteration and misbranding. (1906 Act as amended by the 1912 Sherley Amendment).,"Pure Food and Drugs Act of 1906 (ch. 3915, 34 Stat. 768) as amended by the Sherley Amendment, Act of Aug. 23, 1912, ch. 352, 37 Stat. 416",1912-08-23,"adds a third paragraph to Sec. 8: ""If its package or label shall bear or contain any statement, design, or device regarding the curative or therapeutic effect of such article ... which is false and fraudulent.""",0,Minimum SubmissionStatusDate over the official 1938-1964 Submissions extract is 1939-02-09; the openFDA payload block starts at decisions_1939.json.,"Not covered - FDA's official 'Summary of NDA approvals and receipts, 1938-present' series begins in 1938",,"0 FDA drug-approval decision rows recorded. The official Drugs@FDA database's earliest recorded drug-approval action is 1939-02-09 (NDA000552), so this year has no decision record in any official database this project can cite. Recorded as the boundary, not as an omission.",https://www.govinfo.gov/content/pkg/STATUTE-37/pdf/STATUTE-37-Pg416.pdf,https://www.govinfo.gov/content/pkg/STATUTE-34/pdf/STATUTE-34-Pg768.pdf,,Verified - statute/regime from the cited official primary source; decision count from the cited official extract (v28 (2026-09-21)),"No drug-approval decision row is asserted for this year because no official record of one exists. Blank beats guessed: no drug name, sponsor, indication, ticker or count is invented to fill the year. Where a landmark event is cited it is quoted from the linked official source."
PRE1939REG-1934,1934,Pre-market approval era: 1906 Act regime (no drug approval system),"Food and Drug Administration, U.S. Department of Agriculture",No general federal pre-market drug approval. Biologics required an establishment license under the Biologics Control Act of 1902; all other drugs were unapproved by default and regulated only against adulteration and misbranding. (1906 Act as amended by the 1912 Sherley Amendment).,"Pure Food and Drugs Act of 1906 (ch. 3915, 34 Stat. 768) as amended by the Sherley Amendment, Act of Aug. 23, 1912, ch. 352, 37 Stat. 416",1912-08-23,"adds a third paragraph to Sec. 8: ""If its package or label shall bear or contain any statement, design, or device regarding the curative or therapeutic effect of such article ... which is false and fraudulent.""",0,Minimum SubmissionStatusDate over the official 1938-1964 Submissions extract is 1939-02-09; the openFDA payload block starts at decisions_1939.json.,"Not covered - FDA's official 'Summary of NDA approvals and receipts, 1938-present' series begins in 1938",,"0 FDA drug-approval decision rows recorded. The official Drugs@FDA database's earliest recorded drug-approval action is 1939-02-09 (NDA000552), so this year has no decision record in any official database this project can cite. Recorded as the boundary, not as an omission.",https://www.govinfo.gov/content/pkg/STATUTE-37/pdf/STATUTE-37-Pg416.pdf,https://www.govinfo.gov/content/pkg/STATUTE-34/pdf/STATUTE-34-Pg768.pdf,,Verified - statute/regime from the cited official primary source; decision count from the cited official extract (v28 (2026-09-21)),"No drug-approval decision row is asserted for this year because no official record of one exists. Blank beats guessed: no drug name, sponsor, indication, ticker or count is invented to fill the year. Where a landmark event is cited it is quoted from the linked official source."
PRE1939REG-1935,1935,Pre-market approval era: 1906 Act regime (no drug approval system),"Food and Drug Administration, U.S. Department of Agriculture",No general federal pre-market drug approval. Biologics required an establishment license under the Biologics Control Act of 1902; all other drugs were unapproved by default and regulated only against adulteration and misbranding. (1906 Act as amended by the 1912 Sherley Amendment).,"Pure Food and Drugs Act of 1906 (ch. 3915, 34 Stat. 768) as amended by the Sherley Amendment, Act of Aug. 23, 1912, ch. 352, 37 Stat. 416",1912-08-23,"adds a third paragraph to Sec. 8: ""If its package or label shall bear or contain any statement, design, or device regarding the curative or therapeutic effect of such article ... which is false and fraudulent.""",0,Minimum SubmissionStatusDate over the official 1938-1964 Submissions extract is 1939-02-09; the openFDA payload block starts at decisions_1939.json.,"Not covered - FDA's official 'Summary of NDA approvals and receipts, 1938-present' series begins in 1938",,"0 FDA drug-approval decision rows recorded. The official Drugs@FDA database's earliest recorded drug-approval action is 1939-02-09 (NDA000552), so this year has no decision record in any official database this project can cite. Recorded as the boundary, not as an omission.",https://www.govinfo.gov/content/pkg/STATUTE-37/pdf/STATUTE-37-Pg416.pdf,https://www.govinfo.gov/content/pkg/STATUTE-34/pdf/STATUTE-34-Pg768.pdf,,Verified - statute/regime from the cited official primary source; decision count from the cited official extract (v28 (2026-09-21)),"No drug-approval decision row is asserted for this year because no official record of one exists. Blank beats guessed: no drug name, sponsor, indication, ticker or count is invented to fill the year. Where a landmark event is cited it is quoted from the linked official source."
PRE1939REG-1936,1936,Pre-market approval era: 1906 Act regime (no drug approval system),"Food and Drug Administration, U.S. Department of Agriculture",No general federal pre-market drug approval. Biologics required an establishment license under the Biologics Control Act of 1902; all other drugs were unapproved by default and regulated only against adulteration and misbranding. (1906 Act as amended by the 1912 Sherley Amendment).,"Pure Food and Drugs Act of 1906 (ch. 3915, 34 Stat. 768) as amended by the Sherley Amendment, Act of Aug. 23, 1912, ch. 352, 37 Stat. 416",1912-08-23,"adds a third paragraph to Sec. 8: ""If its package or label shall bear or contain any statement, design, or device regarding the curative or therapeutic effect of such article ... which is false and fraudulent.""",0,Minimum SubmissionStatusDate over the official 1938-1964 Submissions extract is 1939-02-09; the openFDA payload block starts at decisions_1939.json.,"Not covered - FDA's official 'Summary of NDA approvals and receipts, 1938-present' series begins in 1938",,"0 FDA drug-approval decision rows recorded. The official Drugs@FDA database's earliest recorded drug-approval action is 1939-02-09 (NDA000552), so this year has no decision record in any official database this project can cite. Recorded as the boundary, not as an omission.",https://www.govinfo.gov/content/pkg/STATUTE-37/pdf/STATUTE-37-Pg416.pdf,https://www.govinfo.gov/content/pkg/STATUTE-34/pdf/STATUTE-34-Pg768.pdf,,Verified - statute/regime from the cited official primary source; decision count from the cited official extract (v28 (2026-09-21)),"No drug-approval decision row is asserted for this year because no official record of one exists. Blank beats guessed: no drug name, sponsor, indication, ticker or count is invented to fill the year. Where a landmark event is cited it is quoted from the linked official source."
PRE1939REG-1937,1937,Pre-market approval era: 1906 Act regime (no drug approval system),"Food and Drug Administration, U.S. Department of Agriculture",No pre-market approval. The deaths were caused by an untested solvent (diethylene glycol) that the 1906 Act did not require anyone to prove safe before marketing - the direct trigger for the 1938 Act.,"Pure Food and Drugs Act of 1906 (ch. 3915, 34 Stat. 768) as amended by the Sherley Amendment, Act of Aug. 23, 1912, ch. 352, 37 Stat. 416",,"FDA history: 'So-called Elixir Sulfanilamide employed an untested solvent for the drug, diethylene glycol, and eventually it killed over a hundred people, most of whom were children.'",0,Minimum SubmissionStatusDate over the official 1938-1964 Submissions extract is 1939-02-09; the openFDA payload block starts at decisions_1939.json.,"Not covered - FDA's official 'Summary of NDA approvals and receipts, 1938-present' series begins in 1938",Elixir Sulfanilamide deaths; FDA reports to Congress,"0 FDA drug-approval decision rows recorded. The official Drugs@FDA database's earliest recorded drug-approval action is 1939-02-09 (NDA000552), so this year has no decision record in any official database this project can cite. Recorded as the boundary, not as an omission.",https://www.fda.gov/about-fda/fda-history-research-tools/background-research-tools-fda-history,https://www.govinfo.gov/content/pkg/STATUTE-37/pdf/STATUTE-37-Pg416.pdf,,Verified - statute/regime from the cited official primary source; decision count from the cited official extract (v28 (2026-09-21)),"No drug-approval decision row is asserted for this year because no official record of one exists. Blank beats guessed: no drug name, sponsor, indication, ticker or count is invented to fill the year. Where a landmark event is cited it is quoted from the linked official source."
PRE1939REG-1938,1938,Pre-market approval created: 1938 FD&C Act,"Food and Drug Administration, U.S. Department of Agriculture",Pre-market approval created for new drugs generally: an application must be filed and become effective before interstate commerce. NDA numbering begins.,"Act of June 25, 1938, ch. 675, Pub. L. 75-717, 52 Stat. 1040",1938-06-25,"""This Act may be cited as the Federal Food, Drug, and Cosmetic Act"" (Sec. 1). The new-drug application requirement it created is now codified at 21 U.S.C. 355(a): ""No person shall introduce or deliver for introduction into interstate commerce any new drug, unless an approval of an application filed pursuant to subsection (b) or (j) is effective with respect to such drug.""",0,"Counted rows dated 1938 in the official Drugs@FDA Submissions extract (1,215 rows, 0 in 1938) and enumerated the committed openFDA payloads (earliest decisions_1939.json). Whole-table census (v29 (2026-09-22), EV-12/EV-13): 0 of all 193,810 rows of the official Submissions table are dated 1938-06-25..1938-12-31; 1 pre-statute placeholder row(s) dated 1900-01-01 (flagged, not decisions) and 8 undated rows.","FDA's official series lists this year but publishes no figure for it (1938-1940 are published combined, on the 1940 row)","Federal Food, Drug, and Cosmetic Act enacted June 25, 1938 - creates the new-drug application","0 FDA drug-approval decision rows recorded. Verified negative, re-derived this session: 0 of the 1,215 rows in the official 1938-1964 Submissions window are dated in 1938, and no decisions_1938.json exists in the openFDA payload block. See data/pre1938_determination.csv. No 1938 row is invented.",https://www.govinfo.gov/content/pkg/STATUTE-52/pdf/STATUTE-52-Pg1040.pdf,https://uscode.house.gov/view.xhtml?req=granuleid:USC-prelim-title21-section355&num=0&edition=prelim,https://www.fda.gov/about-fda/histories-fda-regulated-products/summary-nda-approvals-receipts-1938-present,Verified - statute/regime from the cited official primary source; decision count from the cited official extract (v28 (2026-09-21)),"No drug-approval decision row is asserted for this year because no official record of one exists. Blank beats guessed: no drug name, sponsor, indication, ticker or count is invented to fill the year. Where a landmark event is cited it is quoted from the linked official source."
