decision_id,decision_date,drug_brand,drug_generic,legacy_sponsor_verbatim,lineage_recorded_in_master,master_ticker,master_exchange,us_investable_class,application_number,status,action_for_reviewer,sec_edgar_company_search,drugsatfda_link,fda_year_enumeration,priority
D1330,1996-06-05,Xalatan,latanoprost,The Upjohn Co. (merged into Pharmacia & Upjohn Nov-1995),merged into Pharmacia & Upjohn Nov-1995,,"NYSE (Pharmacia & Upjohn Inc.; venue per FY1997/FY1999 10-Ks, ticker pending)",FORMERLY US-LISTED (DELISTED/ACQUIRED),020597,RESOLVED (venue+ticker per period 10-K),"v10 2026-09-18: venue verified from the period filing (see sec_edgar_company_search). v11 2026-09-18: the hunt is now bounded - the FY1997 10-K405 submission (acc 0000950124-98-001758) is 38 chunks, its main 10-K document occupies chunks 0-14, and Item 5 is inside that range; EX-13 'PHARMACIA & UPJOHN Financial review' begins mid-chunk-15 and pins the Upjohn/Pharmacia AB merger date to 1995-11-02 ('All data prior to the November 2, 1995 merger date have been combined as if the companies had been merged during the prior periods'), corroborating the recorded Nov-1995 lineage for all five Upjohn rows. Remaining: probe chunks ~4-8 for the Item 5 symbol, then the 2000 Monsanto/Pharmacia Corp demerger year. The v10 'expected PNU' guess is still unverified. v12 2026-09-18: RESOLVED - ticker read verbatim from the period filing (see notes/master).",https://www.sec.gov/Archives/edgar/data/949573/0000950124-98-001758.txt,https://www.accessdata.fda.gov/scripts/cder/daf/index.cfm?event=overview.process&varApplNo=020597,https://www.fda.gov/media/177921/download?attachment,high
D1332,1996-06-14,Camptosar,irinotecan hydrochloride,The Upjohn Co. (merged into Pharmacia & Upjohn Nov-1995),merged into Pharmacia & Upjohn Nov-1995,,"NYSE (Pharmacia & Upjohn Inc.; venue per FY1997/FY1999 10-Ks, ticker pending)",FORMERLY US-LISTED (DELISTED/ACQUIRED),020571,RESOLVED (venue+ticker per period 10-K),"v10 2026-09-18: venue verified from the period filing (see sec_edgar_company_search). v11 2026-09-18: the hunt is now bounded - the FY1997 10-K405 submission (acc 0000950124-98-001758) is 38 chunks, its main 10-K document occupies chunks 0-14, and Item 5 is inside that range; EX-13 'PHARMACIA & UPJOHN Financial review' begins mid-chunk-15 and pins the Upjohn/Pharmacia AB merger date to 1995-11-02 ('All data prior to the November 2, 1995 merger date have been combined as if the companies had been merged during the prior periods'), corroborating the recorded Nov-1995 lineage for all five Upjohn rows. Remaining: probe chunks ~4-8 for the Item 5 symbol, then the 2000 Monsanto/Pharmacia Corp demerger year. The v10 'expected PNU' guess is still unverified. v12 2026-09-18: RESOLVED - ticker read verbatim from the period filing (see notes/master).",https://www.sec.gov/Archives/edgar/data/949573/0000950124-98-001758.txt,https://www.accessdata.fda.gov/scripts/cder/daf/index.cfm?event=overview.process&varApplNo=020571,https://www.fda.gov/media/177921/download?attachment,high
D1338,1996-06-28,CEA-Scan,arcitumomab,Immunomedics Inc. (acquired by Gilead 2020),acquired by Gilead 2020,,NASDAQ NMS:IMMU (Immunomedics Inc.; venue+symbol per FY1996 10-K Item 5; ticker column deliberately blank - see note; delisting year pending),FORMERLY US-LISTED (DELISTED/ACQUIRED),103425,RESOLVED (venue+ticker per period 10-K),"v11 2026-09-18: SYMBOL VERIFIED from the period filing - NASDAQ NMS:IMMU (FY1996 10-K Item 5: 'The Company's Common Stock is traded on The Nasdaq National Market under the symbol ""IMMU"".'); the decision-date quarter (FYE 1996-06-30) is priced in that Item 5 table at $9 7/8 high / $6 1/2 low. The master TICKER COLUMN IS DELIBERATELY LEFT BLANK: IMMU is already carried by D376 (Trodelvy 2020-04-22, class US-LISTED) earlier in the master, and build_core_analysis_table.py propagates a ticker-keyed class to every row sharing the ticker, so filling it here would mis-class this 1996 row as US-LISTED. Remaining: delisting year + a decision-date-aware class model before the column is filled.",https://www.sec.gov/Archives/edgar/data/722830/0000950109-96-006351.txt,https://www.accessdata.fda.gov/scripts/cder/daf/index.cfm?event=overview.process&varApplNo=103425,https://www.fda.gov/media/177921/download?attachment,high
D1342,1996-08-05,Cerebyx,fosphenytoin sodium,Parke-Davis (Warner-Lambert Co. division; Pfizer Jun-2000),Warner-Lambert Co. division; Pfizer Jun-2000,,NYSE (Warner-Lambert Co.; Common Stock also registered on the Chicago and Pacific Stock Exchanges per FY1997 10-K 12(b) cover; ticker pending),FORMERLY US-LISTED (DELISTED/ACQUIRED),020450,VENUE-VERIFIED (ticker pending),"v10 2026-09-18: venue verified from the period filing (NYSE, 12(b) cover). v11 second wave 2026-09-18: cover page re-read in full (chunk 0 of 43 of acc 0000950117-98-000602) - the 12(b) table names THREE exchanges for Common Stock (Par Value $1 Per Share): The New York Stock Exchange, The Chicago Stock Exchange and The Pacific Stock Exchange (plus a second 12(b) class, Rights to Purchase Series A Junior Participating Preferred Stock, on the same three); 12(g): None; commission file number 1-3608; SROS CSX/NYSE/PCX. Item 1 names PARKE-DAVIS as Warner-Lambert's own trade name and lists CEREBYX and OMNICEF among its products, corroborating the sponsor chain from the registrant's own filing. SEARCH PLAN CHANGED: 'DOCUMENTS INCORPORATED BY REFERENCE: Portions of the Warner-Lambert Company Annual Report to Shareholders for 1997 -- Part I, Part II and Part IV' - Item 5 is in Part II, so the symbol is most likely in the Annual Report exhibit inside the same submission, not in the 10-K body (the Carter-Wallace trap). Remaining: that symbol, then the delisting year (lineage: Pfizer 2000). The v10 'expected WLA' guess is still unverified. NOTE: the page-fetch tool failed right after this chunk, so chunks 1-42 were never retrieved. v12 2026-09-18: FY1997 10-K read in full (Item 5 + EX-13 p.48 market prices): no symbol stated anywhere in the submission. Negative result recorded.",https://www.sec.gov/Archives/edgar/data/104669/0000950117-98-000602.txt,https://www.accessdata.fda.gov/scripts/cder/daf/index.cfm?event=overview.process&varApplNo=020450,https://www.fda.gov/media/177921/download?attachment,high
D1345,1996-08-30,Feridex,ferumoxides,Advanced Magnetics Inc. (renamed AMAG Pharmaceuticals),renamed AMAG Pharmaceuticals,AVM,"AMEX:AVM (Advanced Magnetics Inc.; venue+symbol per FY1996 10-K405 Item 5, delisting year pending)",FORMERLY US-LISTED (DELISTED/ACQUIRED),020416,RESOLVED (venue+ticker per period 10-K),"v11 2026-09-18: SYMBOL VERIFIED from the period filing - AMEX:AVM (Item 5: 'The Company's common stock is listed on the American Stock Exchange under the symbol AVM.'). Corrects the v9/v10 guesses 'ANM'/'AinM' and the master note's 'NASDAQ:AMAG from its 1997 IPO' (AMAG is the post-2007 rename ticker, not the decision-date symbol). Remaining: delisting year.",https://www.sec.gov/Archives/edgar/data/792977/0000950135-96-005384.txt,https://www.accessdata.fda.gov/scripts/cder/daf/index.cfm?event=overview.process&varApplNo=020416,https://www.fda.gov/media/177921/download?attachment,high
D1347,1996-09-06,ProAmatine,midodrine hydrochloride,Roberts Pharmaceutical Corp. (acquired by Shire 1999),acquired by Shire 1999,,"NASDAQ NMS (Roberts Pharmaceutical Corp.; venue per FY1996 10-K, ticker pending)",FORMERLY US-LISTED (DELISTED/ACQUIRED),019815,VENUE-VERIFIED (ticker pending),"v10 2026-09-18: venue verified from the period filing. v11 2026-09-18: the 424-series route is now exhausted - both 424B3s on EDGAR (1996-12-20 acc 0000950130-96-004873, 1997-02-13 acc 0000950130-97-000563) are supplements to the November 7, 1996 prospectus and the 1996-12-20 one is a rights-plan supplement with no symbol. NEW: Form 15-12G filed 1999-12-22 pins the deregistration year to 1999, and the Section 12(b) file number 001-10432 first appears on 1999 filings (8-A12B/A 1999-07-27), i.e. AFTER both decision dates, so NASDAQ NMS stands. Remaining: symbol from the FY1997/FY1998 10-K Item 5 or the DEFM14A filed 1999-11-23 (acc 0000950130-99-006712). v12 2026-09-18: NASDAQ NMS venue re-confirmed via FY1996 10-K Item 5; AMEX transfer pinned to 1997-05-22 (post-both-decisions) via FY1998 10-K Item 5. Symbol not stated in either 10-K - still pending.",https://www.sec.gov/Archives/edgar/data/853022/0000950130-97-001485.txt,https://www.accessdata.fda.gov/scripts/cder/daf/index.cfm?event=overview.process&varApplNo=019815,https://www.fda.gov/media/177921/download?attachment,high
D1353,1996-09-26,Elmiron,pentosan polysulfate sodium,Baker Norton Pharmaceuticals (IVAX unit; Teva 2006),IVAX unit; Teva 2006,IVX,"AMEX:IVX (IVAX Corporation - Baker Norton was IVAX's brand-name arm; venue+symbol per FY1996 10-K405 cover 12(b) + Item 5, delisting year pending)",FORMERLY US-LISTED (DELISTED/ACQUIRED),020193,RESOLVED (venue+ticker per period 10-K),"v11 2026-09-18: VENUE + SYMBOL VERIFIED - AMEX:IVX. FY1996 10-K405 cover 12(b): 'COMMON STOCK, PAR VALUE $.10 / AMERICAN STOCK EXCHANGE'; Item 5: 'IVAX' common stock is listed on the American Stock Exchange and is traded under the symbol IVX.' Item 1 names Baker Norton as IVAX's own brand-name arm and lists Elmiron(R) for interstitial cystitis. CORRECTS the master's 'Nasdaq:IVX era' wording - the venue was AMEX. WARNING: IVAX's SEC file number was already 001-09623 while the 12(b) exchange was AMEX, so file-number prefixes are not a venue indicator. Remaining: delisting year (lineage says Teva 2006; a Form 15 should exist).","FY1996 10-K405 filed 1997-03-31, accession 0000950170-97-000359 (https://www.sec.gov/Archives/edgar/data/772197/0000950170-97-000359.txt) - Elmiron 1996-09-26 decision date falls in FY1996; extract Item 5 venue+symbol (IVAX venues varied by year: AMEX/NYSE - must verify per period). | https://www.sec.gov/Archives/edgar/data/772197/0000950170-97-000359.txt",https://www.accessdata.fda.gov/scripts/cder/daf/index.cfm?event=overview.process&varApplNo=020193,https://www.fda.gov/media/177921/download?attachment,high
D1357,1996-10-28,ProstaScint,capromab pendetide,Cytogen Corp. (delisted; assets wound down post-2000),delisted; assets wound down post-2000,,NASDAQ NMS:CYTO (Cytogen Corp; venue+symbol per FY1996 10-K Item 5; ticker column deliberately blank - see note; delisting year pending),FORMERLY US-LISTED (DELISTED/ACQUIRED),103608,RESOLVED (venue+ticker per period 10-K),"v11 2026-09-18: SYMBOL VERIFIED from the period filing - NASDAQ NMS:CYTO (FY1996 10-K Item 5: 'CYTOGEN Common Stock is traded on the NASDAQ National Market tier of The NASDAQ Stock Market under the trading symbol ""CYTO.""'). The 1996-10-28 ProstaScint decision is inside this filing's period. The master TICKER COLUMN IS DELIBERATELY BLANK: D1231 (OncoScint, 1992-12-29) shares this company_name with a blank ticker and build_company_scores.py groups by ticker when present, so a partial CYTO fill would split Cytogen's record across two score rows. Remaining: delisting year.",https://www.sec.gov/Archives/edgar/data/725058/0000950109-97-002390.txt,https://www.accessdata.fda.gov/scripts/cder/daf/index.cfm?event=overview.process&varApplNo=103608,https://www.fda.gov/media/177921/download?attachment,high
D1359,1996-11-01,Astelin,azelastine hydrochloride,Wallace Laboratories (Carter-Wallace; MedPointe 2001),Carter-Wallace; MedPointe 2001,,"NYSE (Carter-Wallace, Inc.; venue per FY1997 10-K405 12(b) cover, ticker pending)",FORMERLY US-LISTED (DELISTED/ACQUIRED),020114,RESOLVED (venue+ticker per period 10-K),"v11 2026-09-18: VENUE VERIFIED, SYMBOL NOT LOCATED. FY1997 10-K405 cover 12(b): 'Common Stock Par value $1.00 per share / New York Stock Exchange' (and a second, 12(g)-only class: 'Class B Common Stock, par value $1.00 per share'). Item 5 is incorporated by reference: 'Information required by this item is presented on pages 1 and 7 of the 1997 Annual Report to Stockholders'. Remaining: read those two pages (an Annual Report exhibit later in acc 0000890163-97-000093) or the FY1998/FY1999/FY2000 10-K Item 5, then the delisting year. The v10 'expected NYSE:CAR' is still an unverified guess. v12 2026-09-18: RESOLVED - ticker read verbatim from the period filing (see notes/master).","FY1997 10-K405 (FYE 1997-03-31) filed 1997-06-17, accession 0000890163-97-000093 (https://www.sec.gov/Archives/edgar/data/18000/0000890163-97-000093.txt) - covers the 1996-11-01 Astelin decision (Wallace Laboratories was the Carter-Wallace division); expected NYSE:CAR - must verify. | https://www.sec.gov/Archives/edgar/data/18000/0000890163-97-000093.txt",https://www.accessdata.fda.gov/scripts/cder/daf/index.cfm?event=overview.process&varApplNo=020114,https://www.fda.gov/media/177921/download?attachment,high
D1362,1996-11-27,Zanaflex,tizanidine hydrochloride,Athena Neuroscience (acquired by Elan 1996),acquired by Elan 1996,,,FORMERLY US-LISTED (DELISTED/ACQUIRED),020397,ATTRIBUTION-CASE (parent/subsidiary),"v10 2026-09-18: SPECIAL CASE: Elan Corporation completed its acquisition of Athena Neurosciences in May 1996, BEFORE the 1996-11-27 Zanaflex decision date, so there was no independent Athena listing at decision date. Resolution requires attributing to parent Elan plc (ADS, NYSE:ELN expected) via Elan's 20-F for FY1996 - a different registrant and form type than the rest of this worklist. Resolve the parent registrant's period 20-F/10-K and attribute the decision-date equity accordingly",https://www.sec.gov/cgi-bin/browse-edgar?action=getcompany&company=Athena%20Neuroscience&type=10-K&dateb=20010101&owner=include&count=40,https://www.accessdata.fda.gov/scripts/cder/daf/index.cfm?event=overview.process&varApplNo=020397,https://www.fda.gov/media/177921/download?attachment,high
D1363,1996-12-06,Gastromark,ferumoxsil,Advanced Magnetics Inc. (renamed AMAG Pharmaceuticals),renamed AMAG Pharmaceuticals,AVM,"AMEX:AVM (Advanced Magnetics Inc.; venue+symbol per FY1996 10-K405 Item 5, delisting year pending)",FORMERLY US-LISTED (DELISTED/ACQUIRED),020410,RESOLVED (venue+ticker per period 10-K),"v11 2026-09-18: SYMBOL VERIFIED from the period filing - AMEX:AVM (same Item 5 quote as D1345). The 1996-12-06 decision falls in FY1997 Q1, which this filing's Item 5 table does not cover, but the cover prices the AMEX line at 1996-12-16 ($15.375 last sale), six days after the decision - contemporaneous. Remaining: delisting year.",https://www.sec.gov/Archives/edgar/data/792977/0000950135-96-005384.txt,https://www.accessdata.fda.gov/scripts/cder/daf/index.cfm?event=overview.process&varApplNo=020410,https://www.fda.gov/media/177921/download?attachment,high
D1365,1996-12-17,Aphthasol,amlexanox,Block Drug Co. (acquired by GSK 2001),acquired by GSK 2001,,,FORMERLY US-LISTED (DELISTED/ACQUIRED),020511,VENUE-VERIFIED (ticker pending),"v10 2026-09-18: registrant CIK 0000012654 identified and the period 10-K URL located (see sec_edgar_company_search); fetch it and extract venue + ticker + delisting year, then normalise the exchange field. v12 2026-09-18: VENUE-VERIFIED (OTC/NASD inter-dealer, bid quotes; no 12(b) listing; Aphthasol approval confirmed verbatim in the same 10-K). Ticker still pending.","FY1997 10-K (FYE 1997-03-31) filed 1997-06-30, accession 0000012654-97-000004 (https://www.sec.gov/Archives/edgar/data/12654/0000012654-97-000004.txt) - covers the 1996-12-17 Aphthasol decision; expected NASDAQ:BLOCA - must verify.",https://www.accessdata.fda.gov/scripts/cder/daf/index.cfm?event=overview.process&varApplNo=020511,https://www.fda.gov/media/177921/download?attachment,high
D1366,1996-12-17,Lipitor,atorvastatin calcium,Parke-Davis (Warner-Lambert Co. division; Pfizer Jun-2000),Warner-Lambert Co. division; Pfizer Jun-2000,,NYSE (Warner-Lambert Co.; Common Stock also registered on the Chicago and Pacific Stock Exchanges per FY1997 10-K 12(b) cover; ticker pending),FORMERLY US-LISTED (DELISTED/ACQUIRED),020702,VENUE-VERIFIED (ticker pending),"v10 2026-09-18: venue verified from the period filing (NYSE, 12(b) cover). v11 second wave 2026-09-18: cover page re-read in full (chunk 0 of 43 of acc 0000950117-98-000602) - the 12(b) table names THREE exchanges for Common Stock (Par Value $1 Per Share): The New York Stock Exchange, The Chicago Stock Exchange and The Pacific Stock Exchange (plus a second 12(b) class, Rights to Purchase Series A Junior Participating Preferred Stock, on the same three); 12(g): None; commission file number 1-3608; SROS CSX/NYSE/PCX. Item 1 names PARKE-DAVIS as Warner-Lambert's own trade name and lists CEREBYX and OMNICEF among its products, corroborating the sponsor chain from the registrant's own filing. SEARCH PLAN CHANGED: 'DOCUMENTS INCORPORATED BY REFERENCE: Portions of the Warner-Lambert Company Annual Report to Shareholders for 1997 -- Part I, Part II and Part IV' - Item 5 is in Part II, so the symbol is most likely in the Annual Report exhibit inside the same submission, not in the 10-K body (the Carter-Wallace trap). Remaining: that symbol, then the delisting year (lineage: Pfizer 2000). The v10 'expected WLA' guess is still unverified. NOTE: the page-fetch tool failed right after this chunk, so chunks 1-42 were never retrieved. v12 2026-09-18: FY1997 10-K read in full (Item 5 + EX-13 p.48 market prices): no symbol stated anywhere in the submission. Negative result recorded.",https://www.sec.gov/Archives/edgar/data/104669/0000950117-98-000602.txt,https://www.accessdata.fda.gov/scripts/cder/daf/index.cfm?event=overview.process&varApplNo=020702,https://www.fda.gov/media/177921/download?attachment,high
D1373,1996-12-23,Dostinex,cabergoline,The Upjohn Co. (merged into Pharmacia & Upjohn Nov-1995),merged into Pharmacia & Upjohn Nov-1995,,"NYSE (Pharmacia & Upjohn Inc.; venue per FY1997/FY1999 10-Ks, ticker pending)",FORMERLY US-LISTED (DELISTED/ACQUIRED),020664,RESOLVED (venue+ticker per period 10-K),"v10 2026-09-18: venue verified from the period filing (see sec_edgar_company_search). v11 2026-09-18: the hunt is now bounded - the FY1997 10-K405 submission (acc 0000950124-98-001758) is 38 chunks, its main 10-K document occupies chunks 0-14, and Item 5 is inside that range; EX-13 'PHARMACIA & UPJOHN Financial review' begins mid-chunk-15 and pins the Upjohn/Pharmacia AB merger date to 1995-11-02 ('All data prior to the November 2, 1995 merger date have been combined as if the companies had been merged during the prior periods'), corroborating the recorded Nov-1995 lineage for all five Upjohn rows. Remaining: probe chunks ~4-8 for the Item 5 symbol, then the 2000 Monsanto/Pharmacia Corp demerger year. The v10 'expected PNU' guess is still unverified. v12 2026-09-18: RESOLVED - ticker read verbatim from the period filing (see notes/master).",https://www.sec.gov/Archives/edgar/data/949573/0000950124-98-001758.txt,https://www.accessdata.fda.gov/scripts/cder/daf/index.cfm?event=overview.process&varApplNo=020664,https://www.fda.gov/media/177921/download?attachment,high
D1376,1997-01-29,Rezulin,troglitazone,Parke-Davis (Warner-Lambert Co. division; Pfizer Jun-2000),Warner-Lambert Co. division; Pfizer Jun-2000,,NYSE (Warner-Lambert Co.; Common Stock also registered on the Chicago and Pacific Stock Exchanges per FY1997 10-K 12(b) cover; ticker pending),FORMERLY US-LISTED (DELISTED/ACQUIRED),020720,VENUE-VERIFIED (ticker pending),"v10 2026-09-18: venue verified from the period filing (NYSE, 12(b) cover). v11 second wave 2026-09-18: cover page re-read in full (chunk 0 of 43 of acc 0000950117-98-000602) - the 12(b) table names THREE exchanges for Common Stock (Par Value $1 Per Share): The New York Stock Exchange, The Chicago Stock Exchange and The Pacific Stock Exchange (plus a second 12(b) class, Rights to Purchase Series A Junior Participating Preferred Stock, on the same three); 12(g): None; commission file number 1-3608; SROS CSX/NYSE/PCX. Item 1 names PARKE-DAVIS as Warner-Lambert's own trade name and lists CEREBYX and OMNICEF among its products, corroborating the sponsor chain from the registrant's own filing. SEARCH PLAN CHANGED: 'DOCUMENTS INCORPORATED BY REFERENCE: Portions of the Warner-Lambert Company Annual Report to Shareholders for 1997 -- Part I, Part II and Part IV' - Item 5 is in Part II, so the symbol is most likely in the Annual Report exhibit inside the same submission, not in the 10-K body (the Carter-Wallace trap). Remaining: that symbol, then the delisting year (lineage: Pfizer 2000). The v10 'expected WLA' guess is still unverified. NOTE: the page-fetch tool failed right after this chunk, so chunks 1-42 were never retrieved. v12 2026-09-18: FY1997 10-K read in full (Item 5 + EX-13 p.48 market prices): no symbol stated anywhere in the submission. Negative result recorded.",https://www.sec.gov/Archives/edgar/data/104669/0000950117-98-000602.txt,https://www.accessdata.fda.gov/scripts/cder/daf/index.cfm?event=overview.process&varApplNo=020720,https://www.fda.gov/media/177921/download?attachment,high
D1379,1997-03-14,Agrylin,anagrelide hydrochloride,Roberts Pharmaceutical Corp. (acquired by Shire 1999),acquired by Shire 1999,,"NASDAQ NMS (Roberts Pharmaceutical Corp.; venue per FY1996 10-K, ticker pending)",FORMERLY US-LISTED (DELISTED/ACQUIRED),020333,VENUE-VERIFIED (ticker pending),"v10 2026-09-18: venue verified from the period filing. v11 2026-09-18: the 424-series route is now exhausted - both 424B3s on EDGAR (1996-12-20 acc 0000950130-96-004873, 1997-02-13 acc 0000950130-97-000563) are supplements to the November 7, 1996 prospectus and the 1996-12-20 one is a rights-plan supplement with no symbol. NEW: Form 15-12G filed 1999-12-22 pins the deregistration year to 1999, and the Section 12(b) file number 001-10432 first appears on 1999 filings (8-A12B/A 1999-07-27), i.e. AFTER both decision dates, so NASDAQ NMS stands. Remaining: symbol from the FY1997/FY1998 10-K Item 5 or the DEFM14A filed 1999-11-23 (acc 0000950130-99-006712). v12 2026-09-18: NASDAQ NMS venue re-confirmed via FY1996 10-K Item 5; AMEX transfer pinned to 1997-05-22 (post-both-decisions) via FY1998 10-K Item 5. Symbol not stated in either 10-K - still pending.",https://www.sec.gov/Archives/edgar/data/853022/0000950130-97-001485.txt,https://www.accessdata.fda.gov/scripts/cder/daf/index.cfm?event=overview.process&varApplNo=020333,https://www.fda.gov/media/177921/download?attachment,high
D1380,1997-03-14,Viracept,nelfinavir mesylate,Agouron Pharmaceuticals (acquired by Pfizer 1999),acquired by Pfizer 1999,,"formerly NASDAQ:AGPH, delisted 1999 (Pfizer acquisition)",FORMERLY US-LISTED (DELISTED/ACQUIRED),020779,RESOLVED (venue+ticker per period 10-K),"v10 2026-09-18: venue verified from the period filing (see sec_edgar_company_search); remaining step = extract the ticker symbol (Item 5 of the same/later 10-K or a 424B prospectus cover) + delisting year, then upgrade the exchange field to 'formerly <VENUE>:<TICKER>, delisted <YYYY>'",https://www.sec.gov/Archives/edgar/data/811210/0000811210-97-000086.txt,https://www.accessdata.fda.gov/scripts/cder/daf/index.cfm?event=overview.process&varApplNo=020779,https://www.fda.gov/media/177921/download?attachment,high
D1381,1997-03-28,Quadramet,samarium Sm 153 lexidronam,Cytogen Corp. (delisted; assets wound down post-2000),delisted; assets wound down post-2000,,NASDAQ NMS:CYTO (Cytogen Corp; venue+symbol per FY1996 10-K Item 5; ticker column deliberately blank - see note; delisting year pending),FORMERLY US-LISTED (DELISTED/ACQUIRED),020570,RESOLVED (venue+ticker per period 10-K),"v11 2026-09-18: SYMBOL VERIFIED from the period filing - NASDAQ NMS:CYTO (same Item 5 quote as D1357). CAVEAT: the FY1996 10-K was filed 1997-03-24, four days BEFORE the 1997-03-28 Quadramet decision, so continuity of the symbol through the decision date should be confirmed from the FY1997 10-K (acc 0000725058-98-000010, filed 1998-03-31). The master TICKER COLUMN IS DELIBERATELY BLANK (same D1231 grouping reason as D1357). Remaining: that confirmation + delisting year.",https://www.sec.gov/Archives/edgar/data/725058/0000950109-97-002390.txt,https://www.accessdata.fda.gov/scripts/cder/daf/index.cfm?event=overview.process&varApplNo=020570,https://www.fda.gov/media/177921/download?attachment,high
D1382,1997-04-04,Rescriptor,delavirdine mesylate,The Upjohn Co. (merged into Pharmacia & Upjohn Nov-1995),merged into Pharmacia & Upjohn Nov-1995,,"NYSE (Pharmacia & Upjohn Inc.; venue per FY1997/FY1999 10-Ks, ticker pending)",FORMERLY US-LISTED (DELISTED/ACQUIRED),020705,RESOLVED (venue+ticker per period 10-K),"v10 2026-09-18: venue verified from the period filing (see sec_edgar_company_search). v11 2026-09-18: the hunt is now bounded - the FY1997 10-K405 submission (acc 0000950124-98-001758) is 38 chunks, its main 10-K document occupies chunks 0-14, and Item 5 is inside that range; EX-13 'PHARMACIA & UPJOHN Financial review' begins mid-chunk-15 and pins the Upjohn/Pharmacia AB merger date to 1995-11-02 ('All data prior to the November 2, 1995 merger date have been combined as if the companies had been merged during the prior periods'), corroborating the recorded Nov-1995 lineage for all five Upjohn rows. Remaining: probe chunks ~4-8 for the Item 5 symbol, then the 2000 Monsanto/Pharmacia Corp demerger year. The v10 'expected PNU' guess is still unverified. v12 2026-09-18: RESOLVED - ticker read verbatim from the period filing (see notes/master).",https://www.sec.gov/Archives/edgar/data/949573/0000950124-98-001758.txt,https://www.accessdata.fda.gov/scripts/cder/daf/index.cfm?event=overview.process&varApplNo=020705,https://www.fda.gov/media/177921/download?attachment,high
D1390,1997-07-01,Mirapex,pramipexole dihydrochloride,The Upjohn Co. (merged into Pharmacia & Upjohn Nov-1995),merged into Pharmacia & Upjohn Nov-1995,,"NYSE (Pharmacia & Upjohn Inc.; venue per FY1997/FY1999 10-Ks, ticker pending)",FORMERLY US-LISTED (DELISTED/ACQUIRED),020667,RESOLVED (venue+ticker per period 10-K),"v10 2026-09-18: venue verified from the period filing (see sec_edgar_company_search). v11 2026-09-18: the hunt is now bounded - the FY1997 10-K405 submission (acc 0000950124-98-001758) is 38 chunks, its main 10-K document occupies chunks 0-14, and Item 5 is inside that range; EX-13 'PHARMACIA & UPJOHN Financial review' begins mid-chunk-15 and pins the Upjohn/Pharmacia AB merger date to 1995-11-02 ('All data prior to the November 2, 1995 merger date have been combined as if the companies had been merged during the prior periods'), corroborating the recorded Nov-1995 lineage for all five Upjohn rows. Remaining: probe chunks ~4-8 for the Item 5 symbol, then the 2000 Monsanto/Pharmacia Corp demerger year. The v10 'expected PNU' guess is still unverified. v12 2026-09-18: RESOLVED - ticker read verbatim from the period filing (see notes/master).",https://www.sec.gov/Archives/edgar/data/949573/0000950124-98-001758.txt,https://www.accessdata.fda.gov/scripts/cder/daf/index.cfm?event=overview.process&varApplNo=020667,https://www.fda.gov/media/177921/download?attachment,high
D1394,1997-09-12,Genesa,arbutamine hydrochloride,Gensia Inc. (Gensia Sicor; Teva 2003),Gensia Sicor; Teva 2003,GNSA,"NASDAQ NMS:GNSA (Gensia Sicor Inc.; venue+symbol per FY1997 10-K Item 5, delisting year pending)",FORMERLY US-LISTED (DELISTED/ACQUIRED),020420,RESOLVED (venue+ticker per period 10-K),"v11 2026-09-18: SYMBOL VERIFIED from the period filing - NASDAQ NMS:GNSA (FY1997 10-K Item 5: 'The Company's Common Stock is traded in the over-the-counter market on the Nasdaq National Market under the symbol ""GNSA"".'); the decision quarter Jul 1 - Sep 30 1997 is priced in that table at $7.81 high / $4.41 low. Remaining: delisting year (needs the Sicor Inc. 1999 renaming / Teva 2003 lineage cited from a filing).",https://www.sec.gov/Archives/edgar/data/807873/0001012870-98-000824.txt,https://www.accessdata.fda.gov/scripts/cder/daf/index.cfm?event=overview.process&varApplNo=020420,https://www.fda.gov/media/177921/download?attachment,high
D1396,1997-09-23,Corlopam,fenoldopam mesylate,Neurex Corp. (delisted; assets to Elan 1998),delisted; assets to Elan 1998,NXCO,"formerly NASDAQ NMS:NXCO, delisted 1998 (Elan Corporation plc merger)",FORMERLY US-LISTED (DELISTED/ACQUIRED),019922,RESOLVED (venue+ticker per period 10-K),"v11 2026-09-18: FULLY RESOLVED - NASDAQ NMS:NXCO per FY1997 10-K Item 5 ('the Company's Common Stock has been traded on the NASDAQ National Market System under the symbol NXCO'), delisting year 1998 pinned by the Elan merger DEF 14A filed 1998-07-02 (Merger Agreement dated 1998-04-29; vote 1998-08-11; 0.51 Elan ADS per Neurex share) plus Form 15-15D filed 1998-08-14. Corrects the v10 index guess 'NXRX'. Nothing remaining.",https://www.sec.gov/Archives/edgar/data/884065/0000884065-98-000003.txt,https://www.accessdata.fda.gov/scripts/cder/daf/index.cfm?event=overview.process&varApplNo=019922,https://www.fda.gov/media/177921/download?attachment,high
D1409,1997-12-04,Omnicef,cefdinir,Parke-Davis (Warner-Lambert Co. division; Pfizer Jun-2000),Warner-Lambert Co. division; Pfizer Jun-2000,,NYSE (Warner-Lambert Co.; Common Stock also registered on the Chicago and Pacific Stock Exchanges per FY1997 10-K 12(b) cover; ticker pending),FORMERLY US-LISTED (DELISTED/ACQUIRED),050739,VENUE-VERIFIED (ticker pending),"v10 2026-09-18: venue verified from the period filing (NYSE, 12(b) cover). v11 second wave 2026-09-18: cover page re-read in full (chunk 0 of 43 of acc 0000950117-98-000602) - the 12(b) table names THREE exchanges for Common Stock (Par Value $1 Per Share): The New York Stock Exchange, The Chicago Stock Exchange and The Pacific Stock Exchange (plus a second 12(b) class, Rights to Purchase Series A Junior Participating Preferred Stock, on the same three); 12(g): None; commission file number 1-3608; SROS CSX/NYSE/PCX. Item 1 names PARKE-DAVIS as Warner-Lambert's own trade name and lists CEREBYX and OMNICEF among its products, corroborating the sponsor chain from the registrant's own filing. SEARCH PLAN CHANGED: 'DOCUMENTS INCORPORATED BY REFERENCE: Portions of the Warner-Lambert Company Annual Report to Shareholders for 1997 -- Part I, Part II and Part IV' - Item 5 is in Part II, so the symbol is most likely in the Annual Report exhibit inside the same submission, not in the 10-K body (the Carter-Wallace trap). Remaining: that symbol, then the delisting year (lineage: Pfizer 2000). The v10 'expected WLA' guess is still unverified. NOTE: the page-fetch tool failed right after this chunk, so chunks 1-42 were never retrieved. v12 2026-09-18: FY1997 10-K read in full (Item 5 + EX-13 p.48 market prices): no symbol stated anywhere in the submission. Negative result recorded.",https://www.sec.gov/Archives/edgar/data/104669/0000950117-98-000602.txt,https://www.accessdata.fda.gov/scripts/cder/daf/index.cfm?event=overview.process&varApplNo=050739,https://www.fda.gov/media/177921/download?attachment,high
D1017,1998-09-17,Sustiva,efavirenz,DuPont Pharmaceuticals (DuPont Merck JV until mid-1998; acquired by BMS 2001),DuPont Merck JV until mid-1998; acquired by BMS 2001,,,FORMERLY US-LISTED (DELISTED/ACQUIRED),020972,ATTRIBUTION-CASE (parent/subsidiary),v10 2026-09-18: SPECIAL CASE: DuPont Merck JV reorganized mid-1998 (Merck exited; DuPont Pharmaceuticals wholly owned by E.I. du Pont de Nemours from mid-1998). Decision-date listed equity for both Sustiva (1998-09-17) and Innohep (2000-07-14) is parent E.I. du Pont de Nemours (NYSE:DD expected) - resolution requires DuPont's FY1998/FY2000 10-K (pharmaceutical segment discussion). Resolve the parent registrant's period 20-F/10-K and attribute the decision-date equity accordingly,https://www.sec.gov/cgi-bin/browse-edgar?action=getcompany&company=DuPont%20Pharmaceuticals&type=10-K&dateb=20010101&owner=include&count=40,https://www.accessdata.fda.gov/scripts/cder/daf/index.cfm?event=overview.process&varApplNo=020972,see data/fda_year_source_register.csv row 1998,high
D652,2000-07-14,Innohep,Tinzaparin Sodium,DuPont Pharmaceuticals (acquired by BMS 2001),acquired by BMS 2001,,,FORMERLY US-LISTED (DELISTED/ACQUIRED),020484,ATTRIBUTION-CASE (parent/subsidiary),v10 2026-09-18: SPECIAL CASE: DuPont Merck JV reorganized mid-1998 (Merck exited; DuPont Pharmaceuticals wholly owned by E.I. du Pont de Nemours from mid-1998). Decision-date listed equity for both Sustiva (1998-09-17) and Innohep (2000-07-14) is parent E.I. du Pont de Nemours (NYSE:DD expected) - resolution requires DuPont's FY1998/FY2000 10-K (pharmaceutical segment discussion). Resolve the parent registrant's period 20-F/10-K and attribute the decision-date equity accordingly,https://www.sec.gov/cgi-bin/browse-edgar?action=getcompany&company=DuPont%20Pharmaceuticals&type=10-K&dateb=20010101&owner=include&count=40,https://www.accessdata.fda.gov/scripts/cder/daf/index.cfm?event=overview.process&varApplNo=020484,see data/fda_year_source_register.csv row 2000,high
D1318,1996-02-09,Myoview,technetium Tc-99m tetrofosmin,Medi-Physics Inc. (Amersham International plc unit; GE Healthcare 2004),Amersham International plc unit; GE Healthcare 2004,,,NON-US LISTING ONLY,020372,REVIEW (foreign listing),verify the primary non-US venue or the absence of any US line from the period annual report,https://www.sec.gov/cgi-bin/browse-edgar?action=getcompany&company=Medi-Physics%20Inc.&type=10-K&dateb=20010101&owner=include&count=40,https://www.accessdata.fda.gov/scripts/cder/daf/index.cfm?event=overview.process&varApplNo=020372,https://www.fda.gov/media/177921/download?attachment,medium
D1321,1996-03-22,Visipaque,iodixanol,Nycomed (private),private,,,NON-US LISTING ONLY,020351,REVIEW (foreign listing),verify the primary non-US venue or the absence of any US line from the period annual report,https://www.sec.gov/cgi-bin/browse-edgar?action=getcompany&company=Nycomed&type=10-K&dateb=20010101&owner=include&count=40,https://www.accessdata.fda.gov/scripts/cder/daf/index.cfm?event=overview.process&varApplNo=020351,https://www.fda.gov/media/177921/download?attachment,medium
D1322,1996-04-26,Mavik,trandolapril,Knoll Pharmaceuticals (BASF AG unit; Abbott Mar-2001),BASF AG unit; Abbott Mar-2001,,,NON-US LISTING ONLY,020528,REVIEW (foreign listing),verify the primary non-US venue or the absence of any US line from the period annual report,https://www.sec.gov/cgi-bin/browse-edgar?action=getcompany&company=Knoll%20Pharmaceuticals&type=10-K&dateb=20010101&owner=include&count=40,https://www.accessdata.fda.gov/scripts/cder/daf/index.cfm?event=overview.process&varApplNo=020528,https://www.fda.gov/media/177921/download?attachment,medium
D1334,1996-06-14,Remeron,mirtazapine,Organon BioSciences (Akzo Nobel; human Rx to Schering-Plough 2007),Akzo Nobel; human Rx to Schering-Plough 2007,,,NON-US LISTING ONLY,020415,REVIEW (foreign listing),verify the primary non-US venue or the absence of any US line from the period annual report,https://www.sec.gov/cgi-bin/browse-edgar?action=getcompany&company=Organon%20BioSciences&type=10-K&dateb=20010101&owner=include&count=40,https://www.accessdata.fda.gov/scripts/cder/daf/index.cfm?event=overview.process&varApplNo=020415,https://www.fda.gov/media/177921/download?attachment,medium
D1341,1996-07-25,Allegra,fexofenadine hydrochloride,Roussel Uclaf (Hoechst Roussel / Hoechst Marion Roussel; Aventis; Sanofi),Hoechst Roussel / Hoechst Marion Roussel; Aventis; Sanofi,,,NON-US LISTING ONLY,020625,REVIEW (foreign listing),verify the primary non-US venue or the absence of any US line from the period annual report,https://www.sec.gov/cgi-bin/browse-edgar?action=getcompany&company=Roussel%20Uclaf&type=10-K&dateb=20010101&owner=include&count=40,https://www.accessdata.fda.gov/scripts/cder/daf/index.cfm?event=overview.process&varApplNo=020625,https://www.fda.gov/media/177921/download?attachment,medium
D1344,1996-08-26,Ivy Block,bentoquatam,Enviroderm,,,N/A - sponsor resolution pending,NOT US-INVESTABLE (UNVERIFIED),020532,REVIEW (unresolved),resolve issuer via EDGAR/Wayback; blank beats guessed,https://www.sec.gov/cgi-bin/browse-edgar?action=getcompany&company=Enviroderm&type=10-K&dateb=20010101&owner=include&count=40,https://www.accessdata.fda.gov/scripts/cder/daf/index.cfm?event=overview.process&varApplNo=020532,https://www.fda.gov/media/177921/download?attachment,medium
D1348,1996-09-17,Meretek UBT,13 C Urea,Meretek,,,N/A - sponsor resolution pending,NOT US-INVESTABLE (UNVERIFIED),020586,REVIEW (unresolved),resolve issuer via EDGAR/Wayback; blank beats guessed,https://www.sec.gov/cgi-bin/browse-edgar?action=getcompany&company=Meretek&type=10-K&dateb=20010101&owner=include&count=40,https://www.accessdata.fda.gov/scripts/cder/daf/index.cfm?event=overview.process&varApplNo=020586,https://www.fda.gov/media/177921/download?attachment,medium
D1349,1996-09-19,Nilandron,nilutamide,Roussel Uclaf (Hoechst Roussel / Hoechst Marion Roussel; Aventis; Sanofi),Hoechst Roussel / Hoechst Marion Roussel; Aventis; Sanofi,,,NON-US LISTING ONLY,020169,REVIEW (foreign listing),verify the primary non-US venue or the absence of any US line from the period annual report,https://www.sec.gov/cgi-bin/browse-edgar?action=getcompany&company=Roussel%20Uclaf&type=10-K&dateb=20010101&owner=include&count=40,https://www.accessdata.fda.gov/scripts/cder/daf/index.cfm?event=overview.process&varApplNo=020169,https://www.fda.gov/media/177921/download?attachment,medium
D1358,1996-10-30,Retavase,reteplase,Boehringer Mannheim GmbH (Roche group; merged into Roche 1998),Roche group; merged into Roche 1998,,,NON-US LISTING ONLY,103632,REVIEW (foreign listing),verify the primary non-US venue or the absence of any US line from the period annual report,https://www.sec.gov/cgi-bin/browse-edgar?action=getcompany&company=Boehringer%20Mannheim%20GmbH&type=10-K&dateb=20010101&owner=include&count=40,https://www.accessdata.fda.gov/scripts/cder/daf/index.cfm?event=overview.process&varApplNo=103632,https://www.fda.gov/media/177921/download?attachment,medium
D1370,1996-12-19,Zagam,sparfloxacin,Rorer Group (Rhone-Poulenc Rorer 1990; Aventis 1999; Sanofi),Rhone-Poulenc Rorer 1990; Aventis 1999; Sanofi,,,NON-US LISTING ONLY,020677,REVIEW (foreign listing),verify the primary non-US venue or the absence of any US line from the period annual report,https://www.sec.gov/cgi-bin/browse-edgar?action=getcompany&company=Rorer%20Group&type=10-K&dateb=20010101&owner=include&count=40,https://www.accessdata.fda.gov/scripts/cder/daf/index.cfm?event=overview.process&varApplNo=020677,https://www.fda.gov/media/177921/download?attachment,medium
D1372,1996-12-23,Diovan,valsartan,Ciba-Geigy Ltd. (Basel; Novartis from Mar-1996),Basel; Novartis from Mar-1996,,,NON-US LISTING ONLY,020665,REVIEW (foreign listing),verify the primary non-US venue or the absence of any US line from the period annual report,https://www.sec.gov/cgi-bin/browse-edgar?action=getcompany&company=Ciba-Geigy%20Ltd.&type=10-K&dateb=20010101&owner=include&count=40,https://www.accessdata.fda.gov/scripts/cder/daf/index.cfm?event=overview.process&varApplNo=020665,https://www.fda.gov/media/177921/download?attachment,medium
D1374,1996-12-24,Orgaran,danaparoid sodium,Organon BioSciences (Akzo Nobel; human Rx to Schering-Plough 2007),Akzo Nobel; human Rx to Schering-Plough 2007,,,NON-US LISTING ONLY,020430,REVIEW (foreign listing),verify the primary non-US venue or the absence of any US line from the period annual report,https://www.sec.gov/cgi-bin/browse-edgar?action=getcompany&company=Organon%20BioSciences&type=10-K&dateb=20010101&owner=include&count=40,https://www.accessdata.fda.gov/scripts/cder/daf/index.cfm?event=overview.process&varApplNo=020430,https://www.fda.gov/media/177921/download?attachment,medium
D1393,1997-09-11,Anzemet,dolasetron mesylate,Roussel Uclaf (Hoechst Roussel / Hoechst Marion Roussel; Aventis; Sanofi),Hoechst Roussel / Hoechst Marion Roussel; Aventis; Sanofi,,,NON-US LISTING ONLY,020623,REVIEW (foreign listing),verify the primary non-US venue or the absence of any US line from the period annual report,https://www.sec.gov/cgi-bin/browse-edgar?action=getcompany&company=Roussel%20Uclaf&type=10-K&dateb=20010101&owner=include&count=40,https://www.accessdata.fda.gov/scripts/cder/daf/index.cfm?event=overview.process&varApplNo=020623,https://www.fda.gov/media/177921/download?attachment,medium
D1403,1997-11-22,Meridia,sibutramine hydrochloride,Knoll Pharmaceuticals (BASF AG unit; Abbott Mar-2001),BASF AG unit; Abbott Mar-2001,,,NON-US LISTING ONLY,020632,REVIEW (foreign listing),verify the primary non-US venue or the absence of any US line from the period annual report,https://www.sec.gov/cgi-bin/browse-edgar?action=getcompany&company=Knoll%20Pharmaceuticals&type=10-K&dateb=20010101&owner=include&count=40,https://www.accessdata.fda.gov/scripts/cder/daf/index.cfm?event=overview.process&varApplNo=020632,https://www.fda.gov/media/177921/download?attachment,medium
D1407,1997-11-26,Teslascan,mangafodipir trisodium,Nycomed (private),private,,,NON-US LISTING ONLY,020652,REVIEW (foreign listing),verify the primary non-US venue or the absence of any US line from the period annual report,https://www.sec.gov/cgi-bin/browse-edgar?action=getcompany&company=Nycomed&type=10-K&dateb=20010101&owner=include&count=40,https://www.accessdata.fda.gov/scripts/cder/daf/index.cfm?event=overview.process&varApplNo=020652,https://www.fda.gov/media/177921/download?attachment,medium
D994,1998-03-06,Refludan,lepirudin,Hoechst Marion Roussel (Hoechst AG; Aventis Dec-1999; Sanofi 2004),Hoechst AG; Aventis Dec-1999; Sanofi 2004,,,NON-US LISTING ONLY,020807,REVIEW (foreign listing),verify the primary non-US venue or the absence of any US line from the period annual report,https://www.sec.gov/cgi-bin/browse-edgar?action=getcompany&company=Hoechst%20Marion%20Roussel&type=10-K&dateb=20010101&owner=include&count=40,https://www.accessdata.fda.gov/scripts/cder/daf/index.cfm?event=overview.process&varApplNo=020807,see data/fda_year_source_register.csv row 1998,medium
D1008,1998-06-22,Priftin,rifapentine,Hoechst Marion Roussel (Hoechst AG; Aventis Dec-1999; Sanofi 2004),Hoechst AG; Aventis Dec-1999; Sanofi 2004,,,NON-US LISTING ONLY,021024,REVIEW (foreign listing),verify the primary non-US venue or the absence of any US line from the period annual report,https://www.sec.gov/cgi-bin/browse-edgar?action=getcompany&company=Hoechst%20Marion%20Roussel&type=10-K&dateb=20010101&owner=include&count=40,https://www.accessdata.fda.gov/scripts/cder/daf/index.cfm?event=overview.process&varApplNo=021024,see data/fda_year_source_register.csv row 1998,medium
D967,1999-07-29,Antagon,ganirelix acetate,Organon BioSciences (Akzo Nobel; human Rx to Schering-Plough 2007),Akzo Nobel; human Rx to Schering-Plough 2007,,,NON-US LISTING ONLY,021057,REVIEW (foreign listing),verify the primary non-US venue or the absence of any US line from the period annual report,https://www.sec.gov/cgi-bin/browse-edgar?action=getcompany&company=Organon%20BioSciences&type=10-K&dateb=20010101&owner=include&count=40,https://www.accessdata.fda.gov/scripts/cder/daf/index.cfm?event=overview.process&varApplNo=021057,see data/fda_year_source_register.csv row 1999,medium
D971,1999-08-18,Raplon,rapacuronium bromide,Organon BioSciences (Akzo Nobel; human Rx to Schering-Plough 2007),Akzo Nobel; human Rx to Schering-Plough 2007,,,NON-US LISTING ONLY,020984,REVIEW (foreign listing),verify the primary non-US venue or the absence of any US line from the period annual report,https://www.sec.gov/cgi-bin/browse-edgar?action=getcompany&company=Organon%20BioSciences&type=10-K&dateb=20010101&owner=include&count=40,https://www.accessdata.fda.gov/scripts/cder/daf/index.cfm?event=overview.process&varApplNo=020984,see data/fda_year_source_register.csv row 1999,medium
D975,1999-09-21,Synercid IV,quinupristin; dalfopristin,Rhone-Poulenc Rorer (Aventis lineage),Aventis lineage,,,NON-US LISTING ONLY,050747,REVIEW (foreign listing),verify the primary non-US venue or the absence of any US line from the period annual report,https://www.sec.gov/cgi-bin/browse-edgar?action=getcompany&company=Rhone-Poulenc%20Rorer&type=10-K&dateb=20010101&owner=include&count=40,https://www.accessdata.fda.gov/scripts/cder/daf/index.cfm?event=overview.process&varApplNo=050747,see data/fda_year_source_register.csv row 1999,medium
D1323,1996-04-30,Buphenyl,sodium phenylbutyrate,Ucyclyd Pharma (private),private,,N/A - privately held,PRIVATE / NO EQUITY,020573,NO-EQUITY (documented),none - master documents private/government/non-profit issuer,https://www.sec.gov/cgi-bin/browse-edgar?action=getcompany&company=Ucyclyd%20Pharma&type=10-K&dateb=20010101&owner=include&count=40,https://www.accessdata.fda.gov/scripts/cder/daf/index.cfm?event=overview.process&varApplNo=020573,https://www.fda.gov/media/177921/download?attachment,n/a
D1327,1996-05-23,Acthrel,corticorelin ovine triflutate,Ferring Pharmaceuticals (private),private,,N/A - privately held,PRIVATE / NO EQUITY,020162,NO-EQUITY (documented),none - master documents private/government/non-profit issuer,https://www.sec.gov/cgi-bin/browse-edgar?action=getcompany&company=Ferring%20Pharmaceuticals&type=10-K&dateb=20010101&owner=include&count=40,https://www.accessdata.fda.gov/scripts/cder/daf/index.cfm?event=overview.process&varApplNo=020162,https://www.fda.gov/media/177921/download?attachment,n/a
D1329,1996-05-31,Differin,adapalene,Galderma SA (Nestle/L'Oreal JV; no listed equity until SIX:GALD 2024),Nestle/L'Oreal JV; no listed equity until SIX:GALD 2024,,"N/A - jointly held, no separate equity",PRIVATE / NO EQUITY,020338,NO-EQUITY (documented),none - master documents private/government/non-profit issuer,https://www.sec.gov/cgi-bin/browse-edgar?action=getcompany&company=Galderma%20SA&type=10-K&dateb=20010101&owner=include&count=40,https://www.accessdata.fda.gov/scripts/cder/daf/index.cfm?event=overview.process&varApplNo=020338,https://www.fda.gov/media/177921/download?attachment,n/a
D1336,1996-06-21,Viramune,nevirapine,Boehringer Ingelheim (private),private,,N/A - privately held,PRIVATE / NO EQUITY,020636,NO-EQUITY (documented),none - master documents private/government/non-profit issuer,https://www.sec.gov/cgi-bin/browse-edgar?action=getcompany&company=Boehringer%20Ingelheim&type=10-K&dateb=20010101&owner=include&count=40,https://www.accessdata.fda.gov/scripts/cder/daf/index.cfm?event=overview.process&varApplNo=020636,https://www.fda.gov/media/177921/download?attachment,n/a
D1343,1996-08-20,Verluma,nofetumomab,Boehringer Ingelheim (private),private,,N/A - privately held,PRIVATE / NO EQUITY,103582,NO-EQUITY (documented),none - master documents private/government/non-profit issuer,https://www.sec.gov/cgi-bin/browse-edgar?action=getcompany&company=Boehringer%20Ingelheim&type=10-K&dateb=20010101&owner=include&count=40,https://www.accessdata.fda.gov/scripts/cder/daf/index.cfm?event=overview.process&varApplNo=103582,https://www.fda.gov/media/177921/download?attachment,n/a
D1355,1996-10-18,Mentax,butenafine hydrochloride,Penederm Inc. (private),private,,N/A - privately held,PRIVATE / NO EQUITY,020524,NO-EQUITY (documented),none - master documents private/government/non-profit issuer,https://www.sec.gov/cgi-bin/browse-edgar?action=getcompany&company=Penederm%20Inc.&type=10-K&dateb=20010101&owner=include&count=40,https://www.accessdata.fda.gov/scripts/cder/daf/index.cfm?event=overview.process&varApplNo=020524,https://www.fda.gov/media/177921/download?attachment,n/a
D1369,1996-12-19,Monurol,fosfomycin tromethamine,"Zambon S.p.A. (private, Italy)","private, Italy",,N/A - privately held,PRIVATE / NO EQUITY,050717,NO-EQUITY (documented),none - master documents private/government/non-profit issuer,https://www.sec.gov/cgi-bin/browse-edgar?action=getcompany&company=Zambon%20S.p.A.&type=10-K&dateb=20010101&owner=include&count=40,https://www.accessdata.fda.gov/scripts/cder/daf/index.cfm?event=overview.process&varApplNo=050717,https://www.fda.gov/media/177921/download?attachment,n/a
D1383,1997-04-15,Flomax,tamsulosin hydrochloride,Boehringer Ingelheim (private),private,,N/A - privately held,PRIVATE / NO EQUITY,020579,NO-EQUITY (documented),none - master documents private/government/non-profit issuer,https://www.sec.gov/cgi-bin/browse-edgar?action=getcompany&company=Boehringer%20Ingelheim&type=10-K&dateb=20010101&owner=include&count=40,https://www.accessdata.fda.gov/scripts/cder/daf/index.cfm?event=overview.process&varApplNo=020579,https://www.fda.gov/media/177921/download?attachment,n/a
D1384,1997-05-09,Pytest Kit,14 C Urea,Tri-Med Specialties (private),private,,N/A - privately held,PRIVATE / NO EQUITY,020617,NO-EQUITY (documented),none - master documents private/government/non-profit issuer,https://www.sec.gov/cgi-bin/browse-edgar?action=getcompany&company=Tri-Med%20Specialties&type=10-K&dateb=20010101&owner=include&count=40,https://www.accessdata.fda.gov/scripts/cder/daf/index.cfm?event=overview.process&varApplNo=020617,https://www.fda.gov/media/177921/download?attachment,n/a
D1417,1997-12-24,Sclerosol,talc,Bryan Corp. (private),private,,N/A - privately held,PRIVATE / NO EQUITY,020587,NO-EQUITY (documented),none - master documents private/government/non-profit issuer,https://www.sec.gov/cgi-bin/browse-edgar?action=getcompany&company=Bryan%20Corp.&type=10-K&dateb=20010101&owner=include&count=40,https://www.accessdata.fda.gov/scripts/cder/daf/index.cfm?event=overview.process&varApplNo=020587,https://www.fda.gov/media/177921/download?attachment,n/a
D1010,1998-07-01,Infasurf,calfactant,"ONY Inc. (private, Amherst NY)","private, Amherst NY",,N/A - privately held,PRIVATE / NO EQUITY,020521,NO-EQUITY (documented),none - master documents private/government/non-profit issuer,https://www.sec.gov/cgi-bin/browse-edgar?action=getcompany&company=ONY%20Inc.&type=10-K&dateb=20010101&owner=include&count=40,https://www.accessdata.fda.gov/scripts/cder/daf/index.cfm?event=overview.process&varApplNo=020521,see data/fda_year_source_register.csv row 1998,n/a
D1019,1998-09-25,Valstar,valrubicin,Anthra Pharmaceuticals (private),private,,N/A - privately held,PRIVATE / NO EQUITY,020892,NO-EQUITY (documented),none - master documents private/government/non-profit issuer,https://www.sec.gov/cgi-bin/browse-edgar?action=getcompany&company=Anthra%20Pharmaceuticals&type=10-K&dateb=20010101&owner=include&count=40,https://www.accessdata.fda.gov/scripts/cder/daf/index.cfm?event=overview.process&varApplNo=020892,see data/fda_year_source_register.csv row 1998,n/a
D1022,1998-11-10,Micardis,telmisartan,Boehringer Ingelheim (private),private,,N/A - privately held,PRIVATE / NO EQUITY,020850,NO-EQUITY (documented),none - master documents private/government/non-profit issuer,https://www.sec.gov/cgi-bin/browse-edgar?action=getcompany&company=Boehringer%20Ingelheim&type=10-K&dateb=20010101&owner=include&count=40,https://www.accessdata.fda.gov/scripts/cder/daf/index.cfm?event=overview.process&varApplNo=020850,see data/fda_year_source_register.csv row 1998,n/a
D957,1999-02-18,Ferrlecit,sodium ferric gluconate complex,R&D Laboratories Inc (private),private,,N/A - privately held,PRIVATE / NO EQUITY,020955,NO-EQUITY (documented),none - master documents private/government/non-profit issuer,https://www.sec.gov/cgi-bin/browse-edgar?action=getcompany&company=R%26D%20Laboratories%20Inc&type=10-K&dateb=20010101&owner=include&count=40,https://www.accessdata.fda.gov/scripts/cder/daf/index.cfm?event=overview.process&varApplNo=020955,see data/fda_year_source_register.csv row 1999,n/a
D981,1999-11-18,Curosurf,poractant alfa,"Dey Laboratories (Nattermann/Merck KGaA lineage, private)","Nattermann/Merck KGaA lineage, private",,N/A - privately held,PRIVATE / NO EQUITY,020744,NO-EQUITY (documented),none - master documents private/government/non-profit issuer,https://www.sec.gov/cgi-bin/browse-edgar?action=getcompany&company=Dey%20Laboratories&type=10-K&dateb=20010101&owner=include&count=40,https://www.accessdata.fda.gov/scripts/cder/daf/index.cfm?event=overview.process&varApplNo=020744,see data/fda_year_source_register.csv row 1999,n/a
D989,1999-12-23,INOmax,nitric oxide,"INO Therapeutics (Ikaria lineage, private; Mallinckrodt 2017)","Ikaria lineage, private; Mallinckrodt 2017",,N/A - privately held at approval,PRIVATE / NO EQUITY,020845,NO-EQUITY (documented),none - master documents private/government/non-profit issuer,https://www.sec.gov/cgi-bin/browse-edgar?action=getcompany&company=INO%20Therapeutics&type=10-K&dateb=20010101&owner=include&count=40,https://www.accessdata.fda.gov/scripts/cder/daf/index.cfm?event=overview.process&varApplNo=020845,see data/fda_year_source_register.csv row 1999,n/a
D635,2000-01-11,Evoxac,Cevimeline Hydrochloride,Snow Brand Pharmaceuticals (Japan lineage; current holder Cosette Pharmaceuticals),Japan lineage; current holder Cosette Pharmaceuticals,,N/A - privately held,PRIVATE / NO EQUITY,020989,NO-EQUITY (documented),none - master documents private/government/non-profit issuer,https://www.sec.gov/cgi-bin/browse-edgar?action=getcompany&company=Snow%20Brand%20Pharmaceuticals&type=10-K&dateb=20010101&owner=include&count=40,https://www.accessdata.fda.gov/scripts/cder/daf/index.cfm?event=overview.process&varApplNo=020989,see data/fda_year_source_register.csv row 2000,n/a
D639,2000-02-17,Skin Exposure Reduction Paste Against Chemical Warfare Agents,Perfluoro-polymethyl-isopropyl Ether; Polytetrafluoro-ethylene,U.S. Army Medical Research (government),government,,N/A - government,PRIVATE / NO EQUITY,021084,NO-EQUITY (documented),none - master documents private/government/non-profit issuer,https://www.sec.gov/cgi-bin/browse-edgar?action=getcompany&company=U.S.%20Army%20Medical%20Research&type=10-K&dateb=20010101&owner=include&count=40,https://www.accessdata.fda.gov/scripts/cder/daf/index.cfm?event=overview.process&varApplNo=021084,see data/fda_year_source_register.csv row 2000,n/a
D641,2000-04-03,Septocaine,"Articaine Hydrochloride, Epinephrine","Deproco SpA (private, Italy)","private, Italy",,N/A - privately held,PRIVATE / NO EQUITY,020971,NO-EQUITY (documented),none - master documents private/government/non-profit issuer,https://www.sec.gov/cgi-bin/browse-edgar?action=getcompany&company=Deproco%20SpA&type=10-K&dateb=20010101&owner=include&count=40,https://www.accessdata.fda.gov/scripts/cder/daf/index.cfm?event=overview.process&varApplNo=020971,see data/fda_year_source_register.csv row 2000,n/a
D643,2000-04-13,Mobic,Meloxicam,Boehringer Ingelheim (private),private,,N/A - privately held,PRIVATE / NO EQUITY,020938,NO-EQUITY (documented),none - master documents private/government/non-profit issuer,https://www.sec.gov/cgi-bin/browse-edgar?action=getcompany&company=Boehringer%20Ingelheim&type=10-K&dateb=20010101&owner=include&count=40,https://www.accessdata.fda.gov/scripts/cder/daf/index.cfm?event=overview.process&varApplNo=020938,see data/fda_year_source_register.csv row 2000,n/a
D650,2000-06-15,Trelstar Depot,Triptorelin Pamoate,"Debiopharm Group (private, Switzerland)","private, Switzerland",,N/A - privately held,PRIVATE / NO EQUITY,020715,NO-EQUITY (documented),none - master documents private/government/non-profit issuer,https://www.sec.gov/cgi-bin/browse-edgar?action=getcompany&company=Debiopharm%20Group&type=10-K&dateb=20010101&owner=include&count=40,https://www.accessdata.fda.gov/scripts/cder/daf/index.cfm?event=overview.process&varApplNo=020715,see data/fda_year_source_register.csv row 2000,n/a
D659,2000-09-28,Mifeprex,Mifepristone,The Population Council (non-profit),non-profit,,N/A - non-profit,PRIVATE / NO EQUITY,020687,NO-EQUITY (documented),none - master documents private/government/non-profit issuer,https://www.sec.gov/cgi-bin/browse-edgar?action=getcompany&company=The%20Population%20Council&type=10-K&dateb=20010101&owner=include&count=40,https://www.accessdata.fda.gov/scripts/cder/daf/index.cfm?event=overview.process&varApplNo=020687,see data/fda_year_source_register.csv row 2000,n/a
