sponsor_key,resolved_company,sec_title,ticker,exchange,us_investable_class,basis
abbvie,AbbVie Inc.,AbbVie Inc.,ABBV,NYSE,US-LISTED,SEC company_tickers.json exact title match
abbvie inc,AbbVie Inc.,AbbVie Inc.,ABBV,NYSE,US-LISTED,SEC company_tickers.json exact title match
novartis,Novartis AG,NOVARTIS AG,NVS,NYSE,US-LISTED (ADR),SEC company_tickers.json exact title match (ADR)
novartis pharmaceuticals,Novartis AG,NOVARTIS AG,NVS,NYSE,US-LISTED (ADR),SEC company_tickers.json exact title match (ADR)
sandoz,Sandoz Group AG,,,SIX,NON-US LISTING ONLY,"Spun off from Novartis 2023; lists on SIX Swiss Exchange only; no SEC registrant entry"
bausch,Bausch Health Companies Inc.,Bausch Health Companies Inc.,BHC,NYSE,US-LISTED,SEC company_tickers.json exact title match
bausch and lomb,Bausch + Lomb Corporation,Bausch & Lomb Corp,BLCO,NYSE,US-LISTED,SEC company_tickers.json exact title match
bausch and lomb inc,Bausch + Lomb Corporation,Bausch & Lomb Corp,BLCO,NYSE,US-LISTED,SEC company_tickers.json exact title match
bausch lomb ireland,Bausch + Lomb Corporation,Bausch & Lomb Corp,BLCO,NYSE,US-LISTED,SEC company_tickers.json exact title match
bayer hlthcare,Bayer AG,,,XETRA,NON-US LISTING ONLY,"Bayer AG is not an SEC registrant in company_tickers.json; ordinary shares trade on XETRA"
bayer healthcare llc,Bayer AG,,,XETRA,NON-US LISTING ONLY,"Bayer AG is not an SEC registrant in company_tickers.json; ordinary shares trade on XETRA"
bayer pharms,Bayer AG,,,XETRA,NON-US LISTING ONLY,"Bayer AG is not an SEC registrant in company_tickers.json; ordinary shares trade on XETRA"
bayer,Bayer AG,,,XETRA,NON-US LISTING ONLY,"Bayer AG is not an SEC registrant in company_tickers.json; ordinary shares trade on XETRA"
bristol myers squibb,Bristol-Myers Squibb Company,BRISTOL MYERS SQUIBB CO,BMY,NYSE,US-LISTED,SEC company_tickers.json exact title match
bristol-myers,Bristol-Myers Squibb Company,BRISTOL MYERS SQUIBB CO,BMY,NYSE,US-LISTED,SEC company_tickers.json exact title match
takeda pharms usa,Takeda Pharmaceutical Company Limited,TAKEDA PHARMACEUTICAL CO LTD,TAK,NYSE,US-LISTED (ADR),SEC company_tickers.json exact title match (ADR)
takeda pharms na,Takeda Pharmaceutical Company Limited,TAKEDA PHARMACEUTICAL CO LTD,TAK,NYSE,US-LISTED (ADR),SEC company_tickers.json exact title match (ADR)
cosette,Cosette Pharmaceuticals Inc.,,,,PRIVATE / NO EQUITY,"Privately held US specialty generics company; no SEC registrant entry"
haleon us holdings,Haleon plc,Haleon plc,HLN,NYSE,US-LISTED (ADR),SEC company_tickers.json exact title match (ADR)
janssen pharms,Johnson & Johnson,JOHNSON & JOHNSON,JNJ,NYSE,US-LISTED,"Janssen Pharmaceuticals is a wholly owned J&J subsidiary; parent is the listed issuer"
janssen research and development,Johnson & Johnson,JOHNSON & JOHNSON,JNJ,NYSE,US-LISTED,"Wholly owned J&J subsidiary; parent is the listed issuer"
ortho mcneil janssen,Johnson & Johnson,JOHNSON & JOHNSON,JNJ,NYSE,US-LISTED,"Ortho-McNeil-Janssen was a J&J subsidiary; parent is the listed issuer"
centocor ortho biotech inc,Johnson & Johnson,JOHNSON & JOHNSON,JNJ,NYSE,US-LISTED,"Centocor Ortho Biotech was a J&J subsidiary; parent is the listed issuer"
scios llc,Johnson & Johnson,JOHNSON & JOHNSON,JNJ,NYSE,US-LISTED,"Scios acquired by Johnson & Johnson in 2003; parent is the listed issuer"
orapharma,Johnson & Johnson,JOHNSON & JOHNSON,JNJ,NYSE,US-LISTED,"OraPharma was a J&J subsidiary at approval; later divested"
astrazeneca,AstraZeneca PLC,ASTRAZENECA PLC,AZN,NASDAQ,US-LISTED (ADR),SEC company_tickers.json exact title match (ADR)
astrazeneca ab,AstraZeneca PLC,ASTRAZENECA PLC,AZN,NASDAQ,US-LISTED (ADR),SEC company_tickers.json exact title match (ADR)
pfizer,Pfizer Inc.,PFIZER INC,PFE,NYSE,US-LISTED,SEC company_tickers.json exact title match
pf prism cv,Pfizer Inc.,PFIZER INC,PFE,NYSE,US-LISTED,"PF PRISM C.V. is a Pfizer holding entity; parent is the listed issuer"
king pharms,Pfizer Inc.,PFIZER INC,PFE,NYSE,US-LISTED,"King Pharmaceuticals acquired by Pfizer in 2011; parent is the listed issuer"
king pharms llc,Pfizer Inc.,PFIZER INC,PFE,NYSE,US-LISTED,"King Pharmaceuticals acquired by Pfizer in 2011; parent is the listed issuer"
king pfizer,Pfizer Inc.,PFIZER INC,PFE,NYSE,US-LISTED,"King Pharmaceuticals acquired by Pfizer in 2011; parent is the listed issuer"
wyeth pharms,Pfizer Inc.,PFIZER INC,PFE,NYSE,US-LISTED,"Wyeth acquired by Pfizer in 2009; parent is the listed issuer"
wyeth pharms inc,Pfizer Inc.,PFIZER INC,PFE,NYSE,US-LISTED,"Wyeth acquired by Pfizer in 2009; parent is the listed issuer"
wyeth-ayerst,Pfizer Inc.,PFIZER INC,PFE,NYSE,US-LISTED,"Wyeth-Ayerst became Wyeth; acquired by Pfizer in 2009"
pharmacia,Pfizer Inc.,PFIZER INC,PFE,NYSE,US-LISTED,"Pharmacia acquired by Pfizer in 2003; parent is the listed issuer"
pharmacia and upjohn,Pfizer Inc.,PFIZER INC,PFE,NYSE,US-LISTED,"Pharmacia & Upjohn acquired by Pfizer in 2003"
pharmacia upjohn,Pfizer Inc.,PFIZER INC,PFE,NYSE,US-LISTED,"Pharmacia & Upjohn acquired by Pfizer in 2003"
upjohn,Viatris Inc,Viatris Inc,VTRS,NASDAQ,US-LISTED,"Pfizer Upjohn business combined with Mylan to form Viatris in 2020"
gd searle,Pfizer Inc.,PFIZER INC,PFE,NYSE,US-LISTED,"G.D. Searle became part of Pharmacia; acquired by Pfizer in 2003"
parke davis,Pfizer Inc.,PFIZER INC,PFE,NYSE,US-LISTED,"Parke-Davis was a Warner-Lambert division; acquired by Pfizer in 2000"
galderma labs lp,Galderma Group AG,Galderma Group AG/ADR,GALDY,OTC,US-LISTED (ADR),"SEC company_tickers.json exact title match; primary listing SIX, US ADR"
lilly,Eli Lilly and Company,ELI LILLY & Co,LLY,NYSE,US-LISTED,SEC company_tickers.json exact title match
eli lilly,Eli Lilly and Company,ELI LILLY & Co,LLY,NYSE,US-LISTED,SEC company_tickers.json exact title match
boehringer ingelheim,Boehringer Ingelheim GmbH,,,,PRIVATE / NO EQUITY,"Family-owned German company; no publicly traded equity"
boehringer ingelheim pharmaceuticals,Boehringer Ingelheim GmbH,,,,PRIVATE / NO EQUITY,"Family-owned German company; no publicly traded equity"
ucb inc,UCB S.A.,,,Euronext Brussels,NON-US LISTING ONLY,"UCB S.A. lists on Euronext Brussels; no SEC registrant entry"
viatris,Viatris Inc,Viatris Inc,VTRS,NASDAQ,US-LISTED,SEC company_tickers.json exact title match
mylan ireland ltd,Viatris Inc,Viatris Inc,VTRS,NASDAQ,US-LISTED,"Mylan combined with Pfizer Upjohn to form Viatris in 2020"
sanofi aventis us,Sanofi,Sanofi,SNY,NASDAQ,US-LISTED (ADR),SEC company_tickers.json exact title match (ADR)
sanofi,Sanofi,Sanofi,SNY,NASDAQ,US-LISTED (ADR),SEC company_tickers.json exact title match (ADR)
sanofi synthelabo,Sanofi,Sanofi,SNY,NASDAQ,US-LISTED (ADR),"Sanofi-Synthelabo became Sanofi; ADR listed"
chattem sanofi,Sanofi,Sanofi,SNY,NASDAQ,US-LISTED (ADR),"Chattem acquired by Sanofi in 2010; parent is the listed issuer"
genzyme,Sanofi,Sanofi,SNY,NASDAQ,US-LISTED (ADR),"Genzyme acquired by Sanofi in 2011; parent is the listed issuer"
endo operations,Endo Inc.,,,,NOT US-INVESTABLE (UNVERIFIED),"Endo emerged from Chapter 11 in 2024 as Endo Inc.; no confirmed SEC company_tickers.json entry"
allergan,AbbVie Inc.,AbbVie Inc.,ABBV,NYSE,US-LISTED,"Allergan plc acquired by AbbVie in May 2020; parent is the listed issuer"
forest labs,AbbVie Inc.,AbbVie Inc.,ABBV,NYSE,US-LISTED,"Forest Laboratories acquired by Actavis/Allergan 2014; Allergan acquired by AbbVie 2020"
genentech,Roche Holding AG,,,SIX,NON-US LISTING ONLY,"Genentech wholly owned by Roche since 2009; Roche lists on SIX, no SEC registrant entry"
roche,Roche Holding AG,,,SIX,NON-US LISTING ONLY,"Roche Holding AG lists on SIX Swiss Exchange; no SEC registrant entry"
hoffmann-la roche,Roche Holding AG,,,SIX,NON-US LISTING ONLY,"Roche Holding AG lists on SIX Swiss Exchange; no SEC registrant entry"
novo nordisk inc,Novo Nordisk A/S,NOVO NORDISK A S,NVO,NYSE,US-LISTED (ADR),SEC company_tickers.json exact title match (ADR)
novo nordisk,Novo Nordisk A/S,NOVO NORDISK A S,NVO,NYSE,US-LISTED (ADR),SEC company_tickers.json exact title match (ADR)
kenvue brands,Kenvue Inc.,Kenvue Inc.,KVUE,NYSE,US-LISTED,SEC company_tickers.json exact title match
azurity,Azurity Pharmaceuticals Inc.,,,,PRIVATE / NO EQUITY,"Privately held; no SEC registrant entry"
cheplapharm,CHEPLAPHARM Arzneimittel GmbH,,,,PRIVATE / NO EQUITY,"Privately held German company; no SEC registrant entry"
b braun,B. Braun SE,,,,PRIVATE / NO EQUITY,"Family-owned German company; no publicly traded equity"
teva branded pharm,Teva Pharmaceutical Industries Ltd,TEVA PHARMACEUTICAL INDUSTRIES LTD,TEVA,NYSE,US-LISTED (ADR),SEC company_tickers.json exact title match (ADR)
teva pharms,Teva Pharmaceutical Industries Ltd,TEVA PHARMACEUTICAL INDUSTRIES LTD,TEVA,NYSE,US-LISTED (ADR),SEC company_tickers.json exact title match (ADR)
cephalon,Teva Pharmaceutical Industries Ltd,TEVA PHARMACEUTICAL INDUSTRIES LTD,TEVA,NYSE,US-LISTED (ADR),"Cephalon acquired by Teva in 2011; parent is the listed issuer"
salix pharms,Bausch Health Companies Inc.,Bausch Health Companies Inc.,BHC,NYSE,US-LISTED,"Salix acquired by Valeant (now Bausch Health) in 2015"
salix,Bausch Health Companies Inc.,Bausch Health Companies Inc.,BHC,NYSE,US-LISTED,"Salix acquired by Valeant (now Bausch Health) in 2015"
valeant pharms intl,Bausch Health Companies Inc.,Bausch Health Companies Inc.,BHC,NYSE,US-LISTED,"Valeant renamed Bausch Health Companies in 2018"
valeant pharms north,Bausch Health Companies Inc.,Bausch Health Companies Inc.,BHC,NYSE,US-LISTED,"Valeant renamed Bausch Health Companies in 2018"
biovail,Bausch Health Companies Inc.,Bausch Health Companies Inc.,BHC,NYSE,US-LISTED,"Biovail merged with Valeant in 2010; renamed Bausch Health in 2018"
biovail labs intl,Bausch Health Companies Inc.,Bausch Health Companies Inc.,BHC,NYSE,US-LISTED,"Biovail merged with Valeant in 2010; renamed Bausch Health in 2018"
schering,Merck & Co.,"Merck & Co., Inc.",MRK,NYSE,US-LISTED,"Schering-Plough merged with Merck & Co. in 2009"
merck,Merck & Co.,"Merck & Co., Inc.",MRK,NYSE,US-LISTED,SEC company_tickers.json exact title match
msd,Merck & Co.,"Merck & Co., Inc.",MRK,NYSE,US-LISTED,"MSD is the ex-US trade name of Merck & Co."
msd sub merck,Merck & Co.,"Merck & Co., Inc.",MRK,NYSE,US-LISTED,"MSD subsidiary of Merck & Co."
merck sharp dohme,Merck & Co.,"Merck & Co., Inc.",MRK,NYSE,US-LISTED,"Merck Sharp & Dohme is the Merck & Co. operating subsidiary"
amgen,Amgen Inc.,AMGEN INC,AMGN,NASDAQ,US-LISTED,SEC company_tickers.json exact title match
organon,Organon & Co.,Organon & Co.,OGN,NYSE,US-LISTED,SEC company_tickers.json exact title match
organon llc,Organon & Co.,Organon & Co.,OGN,NYSE,US-LISTED,SEC company_tickers.json exact title match
organon usa organon,Organon & Co.,Organon & Co.,OGN,NYSE,US-LISTED,SEC company_tickers.json exact title match
ferring,Ferring Pharmaceuticals,,,,PRIVATE / NO EQUITY,"Privately held Swiss company; no publicly traded equity"
hospira,Pfizer Inc.,PFIZER INC,PFE,NYSE,US-LISTED,"Hospira acquired by Pfizer in 2015; parent is the listed issuer"
leo pharma as,LEO Pharma A/S,,,,PRIVATE / NO EQUITY,"Owned by the LEO Foundation; no publicly traded equity"
viiv hlthcare,GSK plc,,,,NOT US-INVESTABLE (UNVERIFIED),"ViiV Healthcare is a joint venture majority owned by GSK; GSK ADR not confirmed in SEC company_tickers.json snapshot"
gilead,"Gilead Sciences, Inc.","GILEAD SCIENCES, INC.",GILD,NASDAQ,US-LISTED,SEC company_tickers.json exact title match
gilead sciences,"Gilead Sciences, Inc.","GILEAD SCIENCES, INC.",GILD,NASDAQ,US-LISTED,SEC company_tickers.json exact title match
gilead sciences inc,"Gilead Sciences, Inc.","GILEAD SCIENCES, INC.",GILD,NASDAQ,US-LISTED,SEC company_tickers.json exact title match
otsuka,Otsuka Holdings Co. Ltd.,,,TSE,NON-US LISTING ONLY,"Otsuka Holdings lists on the Tokyo Stock Exchange; no SEC registrant entry"
eisai inc,Eisai Co. Ltd.,,,TSE,NON-US LISTING ONLY,"Eisai Co. lists on the Tokyo Stock Exchange; no SEC registrant entry"
ani pharms,ANI Pharmaceuticals Inc,ANI PHARMACEUTICALS INC,ANIP,NASDAQ,US-LISTED,SEC company_tickers.json exact title match
hikma,Hikma Pharmaceuticals PLC,,,LSE,NON-US LISTING ONLY,"Hikma lists on the London Stock Exchange; no SEC registrant entry"
harrow eye,"Harrow, Inc.","HARROW, INC.",HROW,NASDAQ,US-LISTED,SEC company_tickers.json exact title match
apotex,Apotex Inc.,,,,PRIVATE / NO EQUITY,"Privately held Canadian company; no publicly traded equity"
glaxo grp ltd,GSK plc,,,,NOT US-INVESTABLE (UNVERIFIED),"GSK ADR not present in the SEC company_tickers.json snapshot used for verification"
glaxosmithkline,GSK plc,,,,NOT US-INVESTABLE (UNVERIFIED),"GSK ADR not present in the SEC company_tickers.json snapshot used for verification"
glaxosmithkline llc,GSK plc,,,,NOT US-INVESTABLE (UNVERIFIED),"GSK ADR not present in the SEC company_tickers.json snapshot used for verification"
sb pharmco,GSK plc,,,,NOT US-INVESTABLE (UNVERIFIED),"SB Pharmco was a SmithKline Beecham/GSK entity; GSK ADR not in SEC snapshot"
emd serono,Merck KGaA,,,XETRA,NON-US LISTING ONLY,"EMD Serono is the US business of Merck KGaA, which lists on XETRA"
emd serono inc,Merck KGaA,,,XETRA,NON-US LISTING ONLY,"EMD Serono is the US business of Merck KGaA, which lists on XETRA"
serono inc,Merck KGaA,,,XETRA,NON-US LISTING ONLY,"Serono acquired by Merck KGaA in 2007"
actelion,Johnson & Johnson,JOHNSON & JOHNSON,JNJ,NYSE,US-LISTED,"Actelion acquired by Johnson & Johnson in 2017"
baxter hlthcare,Baxter International Inc.,BAXTER INTERNATIONAL INC,BAX,NYSE,US-LISTED,SEC company_tickers.json exact title match
becton dickinson co,Becton Dickinson and Company,BECTON DICKINSON & CO,BDX,NYSE,US-LISTED,SEC company_tickers.json exact title match
solventum,Solventum Corporation,Solventum Corp,SOLV,NYSE,US-LISTED,SEC company_tickers.json exact title match
biomarin,BioMarin Pharmaceutical Inc.,BIOMARIN PHARMACEUTICAL INC,BMRN,NASDAQ,US-LISTED,SEC company_tickers.json exact title match
united therap,United Therapeutics Corporation,UNITED THERAPEUTICS Corp,UTHR,NASDAQ,US-LISTED,SEC company_tickers.json exact title match
lantheus medcl,"Lantheus Holdings, Inc.","Lantheus Holdings, Inc.",LNTH,NASDAQ,US-LISTED,SEC company_tickers.json exact title match
indivior,Indivior PLC,"Indivior Pharmaceuticals, Inc.",INDV,NASDAQ,US-LISTED,SEC company_tickers.json exact title match
jazz pharms,Jazz Pharmaceuticals plc,Jazz Pharmaceuticals plc,JAZZ,NASDAQ,US-LISTED,SEC company_tickers.json exact title match
jazz,Jazz Pharmaceuticals plc,Jazz Pharmaceuticals plc,JAZZ,NASDAQ,US-LISTED,SEC company_tickers.json exact title match
ge healthcare,GE HealthCare Technologies Inc.,GE HealthCare Technologies Inc.,GEHC,NASDAQ,US-LISTED,SEC company_tickers.json exact title match
biofrontera,Biofrontera Inc.,Biofrontera Inc.,BFRI,NASDAQ,US-LISTED,SEC company_tickers.json exact title match
alcon labs inc,Alcon Inc.,ALCON INC,ALC,NYSE,US-LISTED,SEC company_tickers.json exact title match
alcon pharms ltd,Alcon Inc.,ALCON INC,ALC,NYSE,US-LISTED,SEC company_tickers.json exact title match
dr reddys,Dr. Reddy's Laboratories Ltd,DR REDDYS LABORATORIES LTD,RDY,NYSE,US-LISTED (ADR),SEC company_tickers.json exact title match (ADR)
amneal,"Amneal Pharmaceuticals, Inc.","Amneal Pharmaceuticals, Inc.",AMRX,NYSE,US-LISTED,SEC company_tickers.json exact title match
perrigo,Perrigo Company plc,PERRIGO Co plc,PRGO,NYSE,US-LISTED,SEC company_tickers.json exact title match
shionogi,Shionogi & Co. Ltd.,SHIONOGI & CO LTD,SGIOF,OTC,US-LISTED (ADR),"SEC company_tickers.json exact title match; primary listing Tokyo, unsponsored US OTC"
celgene,Bristol-Myers Squibb Company,BRISTOL MYERS SQUIBB CO,BMY,NYSE,US-LISTED,"Celgene acquired by Bristol-Myers Squibb in November 2019"
biogen idec,Biogen Inc.,BIOGEN INC.,BIIB,NASDAQ,US-LISTED,"Biogen Idec renamed Biogen in 2015"
haleon,Haleon plc,Haleon plc,HLN,NYSE,US-LISTED (ADR),SEC company_tickers.json exact title match (ADR)
loreal usa,L'Oreal S.A.,,,Euronext Paris,NON-US LISTING ONLY,"L'Oreal S.A. lists on Euronext Paris; no SEC registrant entry"
reckitt benckiser,Reckitt Benckiser Group plc,RECKITT BENCKISER GROUP PLC,RBGLY,OTC,US-LISTED (ADR),"SEC company_tickers.json exact title match; primary listing LSE, US ADR"
fresenius kabi usa,Fresenius SE & Co. KGaA,Fresenius SE & Co. KGaA,FSNUY,OTC,US-LISTED (ADR),"SEC company_tickers.json exact title match; primary listing XETRA, US ADR"
fresenius medcl care,Fresenius Medical Care AG,Fresenius Medical Care AG,FMS,NYSE,US-LISTED (ADR),SEC company_tickers.json exact title match (ADR)
astellas,Astellas Pharma Inc.,,,TSE,NON-US LISTING ONLY,"Astellas lists on the Tokyo Stock Exchange; no SEC registrant entry"
lupin,Lupin Limited,,,NSE/BSE,NON-US LISTING ONLY,"Lupin lists on Indian exchanges; no SEC registrant entry"
lupin atlantis,Lupin Limited,,,NSE/BSE,NON-US LISTING ONLY,"Lupin subsidiary; parent lists on Indian exchanges only"
sun pharma canada,Sun Pharmaceutical Industries Ltd,,,NSE/BSE,NON-US LISTING ONLY,"Sun Pharma lists on Indian exchanges; no SEC registrant entry"
sandoz canada inc,Sandoz Group AG,,,SIX,NON-US LISTING ONLY,"Sandoz Canada is a Sandoz Group subsidiary; parent lists on SIX only"
almirall,"Almirall, S.A.",,,BME,NON-US LISTING ONLY,"Almirall lists on the Spanish stock exchange; no SEC registrant entry"
santen,Santen Pharmaceutical Co. Ltd.,,,TSE,NON-US LISTING ONLY,"Santen lists on the Tokyo Stock Exchange; no SEC registrant entry"
recordati rare,Recordati S.p.A.,,,Borsa Italiana,NON-US LISTING ONLY,"Recordati lists on Borsa Italiana; no SEC registrant entry"
chiesi,Chiesi Farmaceutici S.p.A.,,,,PRIVATE / NO EQUITY,"Family-owned Italian company; no publicly traded equity"
merz pharms,Merz Pharma GmbH & Co. KGaA,,,,PRIVATE / NO EQUITY,"Family-owned German company; no publicly traded equity"
mayne pharma,Mayne Pharma Group Limited,,,ASX,NON-US LISTING ONLY,"Mayne Pharma lists on the Australian Securities Exchange; no SEC registrant entry"
ibsa,IBSA Institut Biochimique SA,,,,PRIVATE / NO EQUITY,"Privately held Swiss company; no publicly traded equity"
helsinn hlthcare,Helsinn Healthcare SA,,,,PRIVATE / NO EQUITY,"Privately held Swiss company; no publicly traded equity"
bracco,Bracco S.p.A.,,,,PRIVATE / NO EQUITY,"Privately held Italian company; no publicly traded equity"
thea pharma,Laboratoires Thea,,,,PRIVATE / NO EQUITY,"Privately held French company; no publicly traded equity"
besins hlthcare,Besins Healthcare,,,,PRIVATE / NO EQUITY,"Privately held; no publicly traded equity"
danco labs llc,"Danco Laboratories, LLC",,,,PRIVATE / NO EQUITY,"Privately held US company; no publicly traded equity"
chirhoclin,"ChiRhoClin, Inc.",,,,PRIVATE / NO EQUITY,"Privately held US company; no publicly traded equity"
romark,Romark Laboratories L.C.,,,,PRIVATE / NO EQUITY,"Privately held US company; no publicly traded equity"
tolmar,Tolmar Inc.,,,,PRIVATE / NO EQUITY,"Privately held US company; no publicly traded equity"
bionpharma,Bionpharma Inc.,,,,PRIVATE / NO EQUITY,"Privately held US company; no publicly traded equity"
padagis us,Padagis LLC,,,,PRIVATE / NO EQUITY,"Privately held US generics company; no publicly traded equity"
genus lifesciences,Genus Lifesciences Inc.,,,,PRIVATE / NO EQUITY,"Privately held US company; no publicly traded equity"
braintree,Braintree Laboratories Inc.,,,,PRIVATE / NO EQUITY,"Privately held US company; no publicly traded equity"
us army,U.S. Army Medical Research and Development Command,,,,PRIVATE / NO EQUITY,"US federal government sponsor; no equity"
us army med res,U.S. Army Medical Research and Development Command,,,,PRIVATE / NO EQUITY,"US federal government sponsor; no equity"
feinstein,Feinstein Institutes for Medical Research,,,,PRIVATE / NO EQUITY,"Non-profit research institute; no equity"
elan pharm,Elan Corporation plc,,,,FORMERLY US-LISTED (DELISTED/ACQUIRED),"Elan was acquired by Perrigo in 2013; no longer a separate issuer"
lannett,Lannett Company Inc.,,,,FORMERLY US-LISTED (DELISTED/ACQUIRED),"Lannett emerged from Chapter 11 in 2023 as a private company"
impax labs,Amneal Pharmaceuticals Inc.,"Amneal Pharmaceuticals, Inc.",AMRX,NYSE,US-LISTED,"Impax combined with Amneal in 2018; Amneal is the listed issuer"
spectrum pharms,Assertio Holdings Inc.,,,,NOT US-INVESTABLE (UNVERIFIED),"Spectrum acquired by Assertio in 2023; Assertio not confirmed in SEC snapshot"
sucampo pharma llc,Mallinckrodt plc,,,,NOT US-INVESTABLE (UNVERIFIED),"Sucampo acquired by Mallinckrodt in 2018; Mallinckrodt not in SEC snapshot"
swedish orphan,Swedish Orphan Biovitrum AB,,,Nasdaq Stockholm,NON-US LISTING ONLY,"Sobi lists on Nasdaq Stockholm; no SEC registrant entry"
biovitrum ab,Swedish Orphan Biovitrum AB,,,Nasdaq Stockholm,NON-US LISTING ONLY,"Sobi lists on Nasdaq Stockholm; no SEC registrant entry"
advanz pharma,ADVANZ PHARMA Corp.,,,,PRIVATE / NO EQUITY,"Taken private by Nordic Capital in 2021; no publicly traded equity"
aspen global inc,Aspen Pharmacare Holdings Ltd,,,JSE,NON-US LISTING ONLY,"Aspen lists on the Johannesburg Stock Exchange; no SEC registrant entry"
specgx llc,Mallinckrodt plc,,,,NOT US-INVESTABLE (UNVERIFIED),"SpecGx is a Mallinckrodt subsidiary; Mallinckrodt not in SEC snapshot"
meda pharms,Viatris Inc,Viatris Inc,VTRS,NASDAQ,US-LISTED,"Meda acquired by Mylan in 2016; Mylan became Viatris in 2020"
cipher pharms inc,Cipher Pharmaceuticals Inc.,,,TSX,NON-US LISTING ONLY,"Cipher Pharmaceuticals lists on the Toronto Stock Exchange; no SEC registrant entry"
santarus,Bausch Health Companies Inc.,Bausch Health Companies Inc.,BHC,NYSE,US-LISTED,"Santarus acquired by Salix in 2014; Salix acquired by Valeant/Bausch Health in 2015"
fougera,Sandoz Group AG,,,SIX,NON-US LISTING ONLY,"Fougera acquired by Sandoz/Novartis in 2012; Sandoz lists on SIX only"
medtech products,Prestige Consumer Healthcare Inc.,,,,NOT US-INVESTABLE (UNVERIFIED),"Medtech Products is a Prestige Consumer Healthcare subsidiary; not confirmed in SEC snapshot"
