decision_id,company_name,ticker,exchange,drug_brand,drug_generic,decision_type,decision_date,indication,review_pathway,source_url_1,source_url_2,verification_status,notes
D001,Ligand Pharmaceuticals / Pelthos Therapeutics,LGND,NASDAQ,Zelsuvmi,berdazimer,Approval,2024-01-05,Molluscum contagiosum,Standard,https://www.accessdata.fda.gov/drugsatfda_docs/label/2024/217424s000lbl.pdf,https://www.fda.gov/drugs/novel-drug-approvals-fda/novel-drug-approvals-2024,Verified,First novel drug approved for molluscum contagiosum; asset later spun into Pelthos Therapeutics (PTHS)
D002,Allecra Therapeutics (private) / commercial partner ADVANZ PHARMA (private),NO_TICKER,N/A,Exblifep,cefepime and enmetazobactam,Approval,2024-02-22,Complicated urinary tract infections,Standard,https://www.accessdata.fda.gov/drugsatfda_docs/label/2024/216165s000lbl.pdf,https://www.fda.gov/drugs/novel-drug-approvals-fda/novel-drug-approvals-2024,Verified - no public ticker,Allecra Therapeutics and Advanz Pharma are both privately held; no listed equity to track
D003,Sun Pharmaceutical Industries,SUNPHARMA.NS,NSE/BSE India; no US ADR,Letybo,letibotulinumtoxinA-wlbg,Approval,2024-02-29,Glabellar lines,Standard,https://www.accessdata.fda.gov/drugsatfda_docs/label/2024/761225s000lbl.pdf,https://www.fda.gov/drugs/novel-drug-approvals-fda/novel-drug-approvals-2024,Verified - foreign listing only,Listed on Indian exchanges (NSE:SUNPHARMA / BSE:524715); no U.S. ticker
D004,BeOne Medicines (formerly BeiGene),ONC,NASDAQ,Tevimbra,tislelizumab-jsgr,Approval,2024-03-13,Esophageal squamous cell carcinoma,Priority,https://www.accessdata.fda.gov/drugsatfda_docs/label/2024/761232Orig1s000lbl.pdf,https://www.fda.gov/drugs/novel-drug-approvals-fda/novel-drug-approvals-2024,Verified,Company renamed from BeiGene to BeOne Medicines in 2025; ticker changed from BGNE to ONC
D005,Madrigal Pharmaceuticals,MDGL,NASDAQ,Rezdiffra,resmetirom,Approval (Accelerated),2024-03-14,Noncirrhotic MASH with moderate-to-advanced liver fibrosis,Priority/Accelerated,https://www.accessdata.fda.gov/drugsatfda_docs/label/2024/217785s000lbl.pdf,https://www.fda.gov/news-events/press-announcements/fda-approves-first-treatment-patients-liver-scarring-due-fatty-liver-disease,Verified,First FDA-approved MASH treatment
D006,Idorsia Pharmaceuticals,IDIA.SW,SIX Swiss Exchange; no US ticker,Tryvio,aprocitentan,Approval,2024-03-19,Hypertension (add-on),Standard,https://www.accessdata.fda.gov/drugsatfda_docs/label/2024/217686s000lbl.pdf,https://www.fda.gov/drugs/novel-drug-approvals-fda/novel-drug-approvals-2024,Verified - foreign listing only,Swiss-listed; no U.S.-listed ADR identified
D007,"Italfarmaco S.p.A. (parent, private) / ITF Therapeutics (US arm, private)",NO_TICKER,N/A,Duvyzat,givinostat,Approval,2024-03-21,Duchenne muscular dystrophy (6 years and older),Priority,https://www.accessdata.fda.gov/drugsatfda_docs/label/2024/217865Orig1s000lbl.pdf,https://www.fda.gov/news-events/press-announcements/fda-approves-nonsteroidal-treatment-duchenne-muscular-dystrophy,Verified - no public ticker,Italfarmaco is a privately held Italian company
D008,Merck & Co.,MRK,NYSE,Winrevair,sotatercept-csrk,Approval,2024-03-26,Pulmonary arterial hypertension,Priority,https://www.accessdata.fda.gov/drugsatfda_docs/label/2024/761363s000lbl.pdf,https://www.ajmc.com/view/fda-approves-sotatercept-first-in-class-treatment-for-adults-with-pah,Verified,Asset acquired via Merck's 2021 buyout of Acceleron Pharma
D009,CSL Limited,CSL.AX,ASX Australia; no US ADR primary,Voydeya,danicopan,Approval,2024-03-29,Extravascular hemolysis in PNH (add-on),Standard,https://www.accessdata.fda.gov/drugsatfda_docs/label/2024/218037s000lbl.pdf,https://www.fda.gov/drugs/novel-drug-approvals-fda/novel-drug-approvals-2024,Verified - foreign listing only,CSL Limited trades on ASX; thinly traded US OTC ADR CSLLY exists
D010,Akebia Therapeutics,AKBA,NASDAQ,Vafseo,vadadustat,Approval,2024-03-27,Anemia due to chronic kidney disease (dialysis patients),Standard,https://www.accessdata.fda.gov/drugsatfda_docs/label/2024/215192s000lbl.pdf,https://www.fda.gov/drugs/novel-drug-approvals-fda/novel-drug-approvals-2024,Verified,
D011,Basilea Pharmaceutica (developer) / Innoviva (US rights holder),INVA,NASDAQ,Zevtera,ceftobiprole medocaril sodium,Approval,2024-04-03,MRSA bacteremia; ABSSSI; CABP,Standard,https://www.accessdata.fda.gov/drugsatfda_docs/label/2024/218275s000lbl.pdf,https://www.fda.gov/news-events/press-announcements/fda-approves-new-antibiotic-three-different-uses,Verified,Basilea (SIX:BSLN) is Swiss-listed; Innoviva (NASDAQ:INVA) holds exclusive US rights since Dec 2024
D012,Lumicell Inc. (private),NO_TICKER,N/A,Lumisight,pegulicianine,Approval,2024-04-17,Intraoperative breast cancer tissue detection,Standard,https://www.accessdata.fda.gov/drugsatfda_docs/label/2024/214511s000lbl.pdf,https://www.fda.gov/drugs/novel-drug-approvals-fda/novel-drug-approvals-2024,Verified - no public ticker,Sponsor Lumicell Inc. is privately held
D013,ImmunityBio,IBRX,NASDAQ,Anktiva,nogapendekin alfa inbakicept-pmln,Approval,2024-04-22,BCG-unresponsive non-muscle invasive bladder cancer,Priority,https://www.accessdata.fda.gov/drugsatfda_docs/label/2024/761336s000lbl.pdf,https://www.fda.gov/drugs/novel-drug-approvals-fda/novel-drug-approvals-2024,Verified,
D014,Day One Biopharmaceuticals,DAWN,NASDAQ,Ojemda,tovorafenib,Approval (Accelerated),2024-04-23,Relapsed/refractory pediatric low-grade glioma,Priority/Accelerated,https://www.accessdata.fda.gov/drugsatfda_docs/label/2024/218033s000lbl.pdf,https://www.fda.gov/drugs/novel-drug-approvals-fda/novel-drug-approvals-2024,Verified,
D015,X4 Pharmaceuticals,XFOR,NASDAQ,Xolremdi,mavorixafor,Approval,2024-04-26,WHIM syndrome,Priority,https://www.accessdata.fda.gov/drugsatfda_docs/label/2024/218709s000lbl.pdf,https://www.globenewswire.com/news-release/2024/04/29/2871050/0/en/X4-Pharmaceuticals-Announces-FDA-Approval-of-XOLREMDI-mavorixafor-Capsules-First-Drug-Indicated-in-Patients-with-WHIM-Syndrome.html,Verified,
D016,Amgen,AMGN,NASDAQ,Imdelltra,tarlatamab-dlle,Approval (Accelerated),2024-05-16,Extensive-stage small cell lung cancer,Priority/Accelerated,https://www.accessdata.fda.gov/drugsatfda_docs/label/2024/761344s000lbl.pdf,https://www.fda.gov/drugs/novel-drug-approvals-fda/novel-drug-approvals-2024,Verified,
D017,Geron Corporation,GERN,NASDAQ,Rytelo,imetelstat,Approval,2024-06-06,Low-to-intermediate-1 risk myelodysplastic syndromes,Priority,https://www.accessdata.fda.gov/drugsatfda_docs/label/2024/217779s000lbl.pdf,https://www.fda.gov/drugs/novel-drug-approvals-fda/novel-drug-approvals-2024,Verified,
D018,Ipsen S.A.,IPN.PA,Euronext Paris; no US ticker,Iqirvo,elafibranor,Approval (Accelerated),2024-06-10,Primary biliary cholangitis (add-on),Priority/Accelerated,https://www.accessdata.fda.gov/drugsatfda_docs/label/2024/218860s000lbl.pdf,https://www.fda.gov/drugs/novel-drug-approvals-fda/novel-drug-approvals-2024,Verified - foreign listing only,Ipsen S.A. trades on Euronext Paris; no primary US listing
D019,Botanix Pharmaceuticals,BOT.AX,ASX Australia; US OTC as BTXXY,Sofdra,sofpironium,Approval,2024-06-20,Primary axillary hyperhidrosis,Standard,https://www.accessdata.fda.gov/drugsatfda_docs/label/2024/217347s000lbl.pdf,https://biotechdispatch.com.au/news/fda-approves-botanixs-sofdra-the-first-new-drug-for-primary-axillary-hyperhidrosis,Verified - foreign listing primary,Primary listing ASX:BOT; thinly-traded US OTC ADR BTXXY exists
D020,Verona Pharma plc,VRNA,NASDAQ,Ohtuvayre,ensifentrine,Approval,2024-06-26,Chronic obstructive pulmonary disease,Standard,https://www.accessdata.fda.gov/drugsatfda_docs/label/2024/217389s000lbl.pdf,https://www.fda.gov/drugs/novel-drug-approvals-fda/novel-drug-approvals-2024,Verified,"Chiesi Farmaceutici is a partner in certain territories, not the NDA holder"
D021,Roche Holding AG (Genentech),RHHBY,OTC ADR; primary SIX:ROG,Piasky,crovalimab-akkz,Approval,2024-06-20,Paroxysmal nocturnal hemoglobinuria,Standard,https://www.accessdata.fda.gov/drugsatfda_docs/label/2024/761388s000lbl.pdf,https://www.fda.gov/drugs/novel-drug-approvals-fda/novel-drug-approvals-2024,Verified,
D022,Eli Lilly and Company,LLY,NYSE,Kisunla,donanemab-azbt,Approval,2024-07-02,Alzheimer's disease,Standard,https://www.accessdata.fda.gov/drugsatfda_docs/label/2024/761248s000lbl.pdf,https://www.fda.gov/drugs/novel-drug-approvals-fda/novel-drug-approvals-2024,Verified,
D023,Sun Pharmaceutical Industries,SUNPHARMA.NS,NSE/BSE India; no US ADR,Leqselvi,deuruxolitinib,Approval,2024-07-25,Severe alopecia areata,Standard,https://www.accessdata.fda.gov/drugsatfda_docs/label/2024/217900Orig1s000correctedlbl.pdf,https://synapse.patsnap.com/article/sun-pharmas-leqselvi-gets-fda-approval-for-severe-alopecia,Verified - foreign listing only,"Acquired via Concert Pharmaceuticals buyout ($576M, Jan 2023)"
D024,Bristol Myers Squibb,BMY,NYSE,Cobenfy,xanomeline and trospium chloride,Approval,2024-09-26,Schizophrenia,Standard,https://www.accessdata.fda.gov/drugsatfda_docs/label/2024/216158s000lbl.pdf,https://www.fda.gov/news-events/press-announcements/fda-approves-drug-new-mechanism-action-treatment-schizophrenia,Verified,"Acquired via Karuna Therapeutics buyout ($14B, 2024)"
D025,IntraBio Inc. (private),NO_TICKER,N/A,Aqneursa,levacetylleucine,Approval,2024-09-24,Niemann-Pick disease type C,Standard,https://www.accessdata.fda.gov/drugsatfda_docs/label/2024/219132s000lbl.pdf,https://www.fda.gov/news-events/press-announcements/fda-approves-new-drug-treat-niemann-pick-disease-type-c,Verified - no public ticker,IntraBio Inc. is privately held
D026,Zevra Therapeutics,ZVRA,NASDAQ,Miplyffa,arimoclomol,Approval,2024-09-20,Niemann-Pick disease type C (with miglustat),Priority,https://www.accessdata.fda.gov/drugsatfda_docs/label/2024/214927s000lbl.pdf,https://www.fda.gov/news-events/press-announcements/fda-approves-first-treatment-niemann-pick-disease-type-c,Verified,
D027,Eli Lilly and Company,LLY,NYSE,Ebglyss,lebrikizumab-lbkz,Approval,2024-09-13,Moderate-to-severe atopic dermatitis,Standard,https://www.accessdata.fda.gov/drugsatfda_docs/label/2024/761306Orig1s000correctedlbl.pdf,https://www.fda.gov/drugs/novel-drug-approvals-fda/novel-drug-approvals-2024,Verified,
D028,Johnson & Johnson,JNJ,NYSE,Lazcluze,lazertinib,Approval,2024-08-19,Non-small cell lung cancer (with amivantamab),Standard,https://www.accessdata.fda.gov/drugsatfda_docs/label/2024/219008s000lbl.pdf,https://www.fda.gov/drugs/novel-drug-approvals-fda/novel-drug-approvals-2024,Verified,
D029,Incyte Corporation,INCY,NASDAQ,Niktimvo,axatilimab-csfr,Approval,2024-08-14,Chronic graft-versus-host disease,Priority,https://www.accessdata.fda.gov/drugsatfda_docs/label/2024/761411s000lbl.pdf,https://www.fda.gov/drugs/novel-drug-approvals-fda/novel-drug-approvals-2024,Verified,Co-developed with Syndax Pharmaceuticals (NASDAQ:SNDX)
D030,Gilead Sciences,GILD,NASDAQ,Livdelzi,seladelpar,Approval (Accelerated),2024-08-14,Primary biliary cholangitis,Priority/Accelerated,https://www.accessdata.fda.gov/drugsatfda_docs/label/2024/217899s000lbl.pdf,https://www.fda.gov/drugs/novel-drug-approvals-fda/novel-drug-approvals-2024,Verified,Gilead acquired CymaBay Therapeutics in 2024
D031,Galderma Group AG,GALD.SW,SIX Swiss Exchange; no US ticker,Nemluvio,nemolizumab-ilto,Approval,2024-08-12,Prurigo nodularis,Standard,https://www.accessdata.fda.gov/drugsatfda_docs/label/2024/761390s000lbl.pdf,https://www.fda.gov/drugs/novel-drug-approvals-fda/novel-drug-approvals-2024,Verified - foreign listing only,Galderma listed on SIX Swiss Exchange since 2024 IPO
D032,Ascendis Pharma,ASND,NASDAQ,Yorvipath,palopegteriparatide,Approval,2024-08-09,Hypoparathyroidism,Standard,https://www.accessdata.fda.gov/drugsatfda_docs/label/2024/216490s000lbl.pdf,https://www.fda.gov/drugs/novel-drug-approvals-fda/novel-drug-approvals-2024,Verified,
D033,Servier Pharmaceuticals (private),NO_TICKER,N/A,Voranigo,vorasidenib,Approval,2024-08-06,Grade 2 astrocytoma/oligodendroglioma,Priority,https://www.accessdata.fda.gov/drugsatfda_docs/label/2024/218784s000lbl.pdf,https://www.fda.gov/drugs/novel-drug-approvals-fda/novel-drug-approvals-2024,Verified - no public ticker,Servier is a privately held French pharmaceutical group
D034,Zymeworks Inc.,ZYME,NASDAQ,Ziihera,zanidatamab-hrii,Approval (Accelerated),2024-11-20,HER2-positive biliary tract cancer,Priority/Accelerated,https://www.accessdata.fda.gov/drugsatfda_docs/label/2024/761416s000lbl.pdf,https://www.fda.gov/drugs/novel-drug-approvals-fda/novel-drug-approvals-2024,Verified,Jazz Pharmaceuticals holds commercial rights
D035,Syndax Pharmaceuticals,SNDX,NASDAQ,Revuforj,revumenib,Approval,2024-11-15,Relapsed/refractory KMT2A-rearranged acute leukemia,Priority,https://www.accessdata.fda.gov/drugsatfda_docs/label/2024/218944s000lbl.pdf,https://www.fda.gov/drugs/novel-drug-approvals-fda/novel-drug-approvals-2024,Verified,
D036,Iterum Therapeutics,ITRM,NASDAQ,Orlynvah,sulopenem etzadroxil and probenecid,Approval,2024-10-25,Uncomplicated urinary tract infections,Standard,https://www.accessdata.fda.gov/drugsatfda_docs/label/2024/213972s000lbl.pdf,https://www.fda.gov/drugs/novel-drug-approvals-fda/novel-drug-approvals-2024,Verified,
D037,Pfizer,PFE,NYSE,Hympavzi,marstacimab-hncq,Approval,2024-10-11,Hemophilia A/B (routine prophylaxis),Standard,https://www.accessdata.fda.gov/drugsatfda_docs/label/2024/761369s000lbl.pdf,https://www.fda.gov/news-events/press-announcements/fda-approves-new-treatment-hemophilia-or-b,Verified,
D038,Roche Holding AG (Genentech),RHHBY,OTC ADR; primary SIX:ROG,Itovebi,inavolisib,Approval,2024-10-10,PIK3CA-mutated advanced/metastatic breast cancer,Standard,https://www.accessdata.fda.gov/drugsatfda_docs/label/2024/219249s001lbl.pdf,https://www.fda.gov/drugs/novel-drug-approvals-fda/novel-drug-approvals-2024,Verified,
D039,GE HealthCare Technologies,GEHC,NASDAQ,Flyrcado,flurpiridaz F 18,Approval,2024-09-27,Myocardial perfusion imaging,Standard,https://www.accessdata.fda.gov/drugsatfda_docs/label/2024/215168s000lbl.pdf,https://www.fda.gov/drugs/novel-drug-approvals-fda/novel-drug-approvals-2024,Verified,
D040,Ionis Pharmaceuticals,IONS,NASDAQ,Tryngolza,olezarsen,Approval,2024-12-19,Familial chylomicronemia syndrome,Priority,https://www.accessdata.fda.gov/drugsatfda_docs/label/2024/218614s000lbl.pdf,https://www.fda.gov/drugs/novel-drug-approvals-fda/novel-drug-approvals-2024,Verified,
D041,Vertex Pharmaceuticals,VRTX,NASDAQ,Alyftrek,"vanzacaftor, tezacaftor, and deutivacaftor",Approval,2024-12-20,Cystic fibrosis,Standard,https://www.accessdata.fda.gov/drugsatfda_docs/label/2024/218730s000lbl.pdf,https://www.fda.gov/drugs/novel-drug-approvals-fda/novel-drug-approvals-2024,Verified,
D042,Novo Nordisk,NVO,NYSE,Alhemo,concizumab-mtci,Approval,2024-12-20,Hemophilia A/B (routine prophylaxis),Standard,https://www.accessdata.fda.gov/drugsatfda_docs/label/2024/761315s000lbl.pdf,https://www.fda.gov/drugs/novel-drug-approvals-fda/novel-drug-approvals-2024,Verified,
D043,AstraZeneca / Daiichi Sankyo,AZN,NASDAQ,Datroway,datopotamab deruxtecan-dlnk,Approval,2025-01-17,HR-positive HER2-negative metastatic breast cancer,Standard,https://www.accessdata.fda.gov/drugsatfda_docs/label/2025/761394s000lbl.pdf,https://www.fda.gov/drugs/novel-drug-approvals-fda/novel-drug-approvals-2025,Verified,Co-developed by AstraZeneca and Daiichi Sankyo (DSNKY OTC)
D044,medac GmbH (private),NO_TICKER,N/A,Grafapex,treosulfan,Approval,2025-01-21,Conditioning regimen for HSCT (AML/MDS),Standard,https://www.accessdata.fda.gov/drugsatfda_docs/label/2025/214759s000lbl.pdf,https://www.fda.gov/drugs/novel-drug-approvals-fda/novel-drug-approvals-2025,Verified - no public ticker,medac GmbH is a privately held German company; US distribution via Medexus Pharmaceuticals
D045,Vertex Pharmaceuticals,VRTX,NASDAQ,Journavx,suzetrigine,Approval,2025-01-30,Moderate-to-severe acute pain,Priority,https://www.accessdata.fda.gov/drugsatfda_docs/label/2025/219209s000lbl.pdf,https://www.fda.gov/news-events/press-announcements/fda-approves-novel-non-opioid-treatment-moderate-severe-acute-pain,Verified,
D046,SpringWorks Therapeutics,SWTX,NASDAQ,Gomekli,mirdametinib,Approval,2025-02-11,Neurofibromatosis type 1 with plexiform neurofibromas,Priority,https://www.accessdata.fda.gov/drugsatfda_docs/label/2025/219379Orig1s000lbl.pdf,https://www.fda.gov/drugs/novel-drug-approvals-fda/novel-drug-approvals-2025,Verified,
D047,"Deciphera Pharmaceuticals (acquired by ONO Pharmaceutical, 2025)",NO_TICKER,"formerly NASDAQ:DCPH, delisted",Romvimza,vimseltinib,Approval,2025-02-14,Tenosynovial giant cell tumor,Standard,https://www.accessdata.fda.gov/drugsatfda_docs/label/2025/219304s000lbl.pdf,https://www.fda.gov/drugs/novel-drug-approvals-fda/novel-drug-approvals-2025,Verified - now private subsidiary,Deciphera acquired by ONO Pharmaceutical (TSE:4528) in 2025; DCPH delisted
D048,Sanofi,SNY,NASDAQ,Qfitlia,fitusiran,Approval,2025-03-28,Hemophilia A/B (with/without inhibitors),Standard,https://www.accessdata.fda.gov/drugsatfda_docs/label/2025/219019s000lbl.pdf,https://www.fda.gov/news-events/press-announcements/fda-approves-novel-treatment-hemophilia-or-b-or-without-factor-inhibitors,Verified,
D049,GSK plc,GSK,NYSE,Blujepa,gepotidacin,Approval,2025-03-25,Uncomplicated urinary tract infections,Standard,https://www.accessdata.fda.gov/drugsatfda_docs/label/2025/218230s000lbl.pdf,https://www.fda.gov/drugs/novel-drug-approvals-fda/novel-drug-approvals-2025,Verified,
D050,Novartis AG,NVS,NYSE,Vanrafia,atrasentan,Approval (Accelerated),2025-04-02,IgA nephropathy (proteinuria reduction),Priority/Accelerated,https://www.accessdata.fda.gov/drugsatfda_docs/label/2025/219208s000lbl.pdf,https://www.fda.gov/drugs/novel-drug-approvals-fda/novel-drug-approvals-2025,Verified,
D051,Akeso Inc.,9926.HK,HKEX Hong Kong; no US ticker,penpulimab-kcqx,penpulimab-kcqx,Approval,2025-04-23,Nasopharyngeal carcinoma,Standard,https://www.accessdata.fda.gov/drugsatfda_docs/label/2025/761258Orig1s000correctedlbl.pdf,https://www.fda.gov/drugs/novel-drug-approvals-fda/novel-drug-approvals-2025,Verified - foreign listing only,Akeso's first internally-developed biologic approved by FDA; HK-listed only
D052,Johnson & Johnson,JNJ,NYSE,Imaavy,nipocalimab-aahu,Approval,2025-04-29,Generalized myasthenia gravis,Priority,https://www.accessdata.fda.gov/drugsatfda_docs/label/2025/761430s000lbl.pdf,https://www.fda.gov/drugs/novel-drug-approvals-fda/novel-drug-approvals-2025,Verified,
D053,AbbVie,ABBV,NYSE,Emrelis,telisotuzumab vedotin-tllv,Approval (Accelerated),2025-05-14,c-Met overexpressing non-squamous NSCLC,Priority/Accelerated,https://www.accessdata.fda.gov/drugsatfda_docs/label/2025/761384s000lbl.pdf,https://www.fda.gov/drugs/novel-drug-approvals-fda/novel-drug-approvals-2025,Verified,
D054,Verastem Oncology,VSTM,NASDAQ,Avmapki Fakzynja Co-Pack,avutometinib and defactinib,Approval (Accelerated),2025-05-08,KRAS-mutated recurrent low-grade serous ovarian cancer,Priority/Accelerated,https://www.accessdata.fda.gov/drugsatfda_docs/label/2025/219616s000lbl.pdf,https://www.fda.gov/drugs/novel-drug-approvals-fda/novel-drug-approvals-2025,Verified,
D055,Alcon Inc.,ALC,NYSE,Tryptyr,acoltremon,Approval,2025-05-28,Dry eye disease,Standard,https://www.accessdata.fda.gov/drugsatfda_docs/label/2025/217370s000lbl.pdf,https://www.hcplive.com/view/fda-approves-acoltremon-ophthalmic-solution-tryptyr-for-dry-eye-disease,Verified,
D056,Nuvation Bio,NUVB,NYSE,Ibtrozi,taletrectinib,Approval,2025-06-11,ROS1-positive non-small cell lung cancer,Standard,https://www.accessdata.fda.gov/drugsatfda_docs/label/2025/219713s000lbl.pdf,https://www.fda.gov/drugs/novel-drug-approvals-fda/novel-drug-approvals-2025,Verified,
D057,Merck & Co.,MRK,NYSE,Enflonsia,clesrovimab-cfor,Approval,2025-06-09,RSV prevention in neonates/infants,Standard,https://www.accessdata.fda.gov/drugsatfda_docs/label/2025/761432s000lbledt.pdf,https://www.fda.gov/drugs/novel-drug-approvals-fda/novel-drug-approvals-2025,Verified,
D058,Innoviva Specialty Therapeutics (Innoviva Inc.),INVA,NASDAQ,Nuzolvence,zoliflodacin,Approval,2025-12-12,Uncomplicated urogenital gonorrhea,Standard,https://investor.inva.com/news-releases/news-release-details/us-fda-approves-nuzolvencer-zoliflodacin-first-class-single-dose,https://gardp.org/portfolio/zoliflodacin/,Verified,Developed with nonprofit GARDP; first new gonorrhea treatment in ~20 years
D059,Dizal Pharmaceuticals (private at time of approval),NO_TICKER,N/A,Zegfrovy,sunvozertinib,Approval (Accelerated),2025-07-02,EGFR exon20ins NSCLC,Priority/Accelerated,https://www.accessdata.fda.gov/drugsatfda_docs/label/2025/219839s000lbl.pdf,https://www.fda.gov/drugs/novel-drug-approvals-fda/novel-drug-approvals-2025,Verified - private at approval,Dizal was privately held at the time of FDA approval
D060,Regeneron Pharmaceuticals,REGN,NASDAQ,Lynozyfic,linvoseltamab-gcpt,Approval (Accelerated),2025-07-02,Relapsed/refractory multiple myeloma,Priority/Accelerated,https://www.accessdata.fda.gov/drugsatfda_docs/label/2025/761400s000lbl.pdf,https://www.fda.gov/drugs/novel-drug-approvals-fda/novel-drug-approvals-2025,Verified,
D061,CSL Limited,CSL.AX,ASX Australia; no US ADR primary,Andembry,garadacimab-gxii,Approval,2025-06-16,Hereditary angioedema prophylaxis,Standard,https://www.accessdata.fda.gov/drugsatfda_docs/label/2025/761367s000lbl.pdf,https://www.fda.gov/drugs/novel-drug-approvals-fda/novel-drug-approvals-2025,Verified - foreign listing only,
D062,Boehringer Ingelheim (private),NO_TICKER,N/A,Jascayd,nerandomilast,Approval,2025-10-07,Idiopathic pulmonary fibrosis,Standard,https://www.accessdata.fda.gov/drugsatfda_docs/label/2025/218764s000lbl.pdf,https://www.fda.gov/drugs/novel-drug-approvals-fda/novel-drug-approvals-2025,Verified - no public ticker,Boehringer Ingelheim is a privately held German company
D063,Novartis AG,NVS,NYSE,Rhapsido,remibrutinib,Approval,2025-09-30,Chronic spontaneous urticaria,Standard,https://www.accessdata.fda.gov/drugsatfda_docs/label/2025/218436s000lbl.pdf,https://www.fda.gov/drugs/novel-drug-approvals-fda/novel-drug-approvals-2025,Verified,
D064,Crinetics Pharmaceuticals,CRNX,NASDAQ,Palsonify,paltusotine,Approval,2025-09-25,Acromegaly,Standard,https://www.accessdata.fda.gov/drugsatfda_docs/label/2025/219070s000lbl.pdf,https://www.fda.gov/drugs/novel-drug-approvals-fda/novel-drug-approvals-2025,Verified,
D065,Eli Lilly and Company,LLY,NYSE,Inluriyo,imlunestrant,Approval,2025-09-25,ESR1-mutated advanced/metastatic breast cancer,Standard,https://www.accessdata.fda.gov/drugsatfda_docs/label/2025/218881s000lbl.pdf,https://www.fda.gov/drugs/novel-drug-approvals-fda/novel-drug-approvals-2025,Verified,
D066,Stealth BioTherapeutics,MITO,NASDAQ,Forzinity,elamipretide,Approval,2025-09-19,Barth syndrome (muscle strength),Standard,https://www.accessdata.fda.gov/drugsatfda_docs/label/2025/215244s000lbl.pdf,https://www.fda.gov/drugs/novel-drug-approvals-fda/novel-drug-approvals-2025,Verified,
D067,Merck & Co.,MRK,NYSE,Keytruda Qlex,pembrolizumab and berahyaluronidase alfa-pmph,Approval,2025-09-19,Solid tumors (subcutaneous pembrolizumab formulation),Standard,https://www.accessdata.fda.gov/drugsatfda_docs/label/2025/761467s000lblOrig2.pdf,https://www.fda.gov/drugs/novel-drug-approvals-fda/novel-drug-approvals-2025,Verified,
D068,Sanofi,SNY,NASDAQ,Wayrilz,rilzabrutinib,Approval,2025-08-29,Persistent/chronic immune thrombocytopenia,Standard,https://www.accessdata.fda.gov/drugsatfda_docs/label/2025/219685s000lbl.pdf,https://www.fda.gov/drugs/novel-drug-approvals-fda/novel-drug-approvals-2025,Verified,
D069,Ionis Pharmaceuticals,IONS,NASDAQ,Dawnzera,donidalorsen,Approval,2025-08-21,Hereditary angioedema prophylaxis,Standard,https://www.accessdata.fda.gov/drugsatfda_docs/label/2025/219407s000lbl.pdf,https://www.fda.gov/drugs/novel-drug-approvals-fda/novel-drug-approvals-2025,Verified,
D070,Insmed Incorporated,INSM,NASDAQ,Brinsupri,brensocatib,Approval,2025-08-12,Non-cystic fibrosis bronchiectasis,Standard,https://www.accessdata.fda.gov/drugsatfda_docs/label/2025/217673s000lbl.pdf,https://www.fda.gov/drugs/novel-drug-approvals-fda/novel-drug-approvals-2025,Verified,
D071,Boehringer Ingelheim (private),NO_TICKER,N/A,Hernexeos,zongertinib,Approval,2025-08-08,HER2-mutated NSCLC,Standard,https://www.accessdata.fda.gov/drugsatfda_docs/label/2025/219042s000lbl.pdf,https://www.fda.gov/drugs/novel-drug-approvals-fda/novel-drug-approvals-2025,Verified - no public ticker,
D072,Chimerix Inc.,CMRX,NASDAQ,Modeyso,dordaviprone,Approval (Accelerated),2025-08-06,H3 K27M-mutant diffuse midline glioma,Priority/Accelerated,https://www.accessdata.fda.gov/drugsatfda_docs/label/2025/219876s000lbl.pdf,https://www.fda.gov/drugs/novel-drug-approvals-fda/novel-drug-approvals-2025,Verified,
D073,LENZ Therapeutics,LENZ,NASDAQ,Vizz,aceclidine,Approval,2025-07-31,Presbyopia,Standard,https://www.accessdata.fda.gov/drugsatfda_docs/label/2025/218585s000lbl.pdf,https://www.fda.gov/drugs/novel-drug-approvals-fda/novel-drug-approvals-2025,Verified,
D074,PTC Therapeutics,PTCT,NASDAQ,Sephience,sepiapterin,Approval,2025-07-28,Sepiapterin-responsive phenylketonuria,Standard,https://www.accessdata.fda.gov/drugsatfda_docs/label/2025/219666s000lbl.pdf,https://www.fda.gov/drugs/novel-drug-approvals-fda/novel-drug-approvals-2025,Verified,
D075,"LEO Pharma (private, foundation-owned)",NO_TICKER,N/A,Anzupgo,delgocitinib,Approval,2025-07-23,Chronic hand eczema,Standard,https://www.accessdata.fda.gov/drugsatfda_docs/label/2025/219155s000lbl.pdf,https://www.fda.gov/drugs/novel-drug-approvals-fda/novel-drug-approvals-2025,Verified - no public ticker,LEO Pharma is owned by the LEO Foundation
D076,KalVista Pharmaceuticals,KALV,NASDAQ,Ekterly,sebetralstat,Approval,2025-07-03,Acute hereditary angioedema attacks,Standard,https://www.accessdata.fda.gov/drugsatfda_docs/label/2025/219301s000lbl.pdf,https://www.fda.gov/drugs/novel-drug-approvals-fda/novel-drug-approvals-2025,Verified,
D077,UCB S.A.,UCB.BR,Euronext Brussels; no US ticker,Kygevvi,doxecitine and doxribtimine,Approval,2025-11-03,Thymidine kinase 2 deficiency,Priority,https://www.fda.gov/drugs/novel-drug-approvals-fda/novel-drug-approvals-2025,https://www.neurologylive.com/view/fda-approves-doxecitine-doxribtimine-combination-therapy-first-treatment-thymidine-kinase-2-deficiency,Verified - foreign listing only,UCB trades on Euronext Brussels; no US ADR
D078,Kura Oncology,KURA,NASDAQ,Komzifti,ziftomenib,Approval,2025-11-13,Relapsed/refractory NPM1-mutated AML,Standard,https://www.accessdata.fda.gov/drugsatfda_docs/label/2025/220305s000lbl.pdf,https://www.fda.gov/drugs/novel-drug-approvals-fda/novel-drug-approvals-2025,Verified,Co-developed with Kyowa Kirin
D079,Arrowhead Pharmaceuticals,ARWR,NASDAQ,Redemplo,plozasiran,Approval,2025-11-18,Familial chylomicronemia syndrome,Standard,https://www.accessdata.fda.gov/drugsatfda_docs/label/2025/219947s000lbl.pdf,https://www.fda.gov/drugs/novel-drug-approvals-fda/novel-drug-approvals-2025,Verified,
D080,Bayer AG,BAYRY,OTC ADR; primary XETRA:BAYN,Hyrnuo,sevabertinib,Approval (Accelerated),2025-11-19,HER2-mutated non-squamous NSCLC,Priority/Accelerated,https://www.accessdata.fda.gov/drugsatfda_docs/label/2025/219972s000lblCorrected.pdf,https://www.fda.gov/drugs/novel-drug-approvals-fda/novel-drug-approvals-2025,Verified,
D081,LIB Therapeutics (private),NO_TICKER,N/A,Lerochol,lerodalcibep-liga,Approval,2025-12-12,Hypercholesterolemia (incl. HeFH),Standard,https://www.fda.gov/drugs/novel-drug-approvals-fda/novel-drug-approvals-2025,https://www.drugs.com/pro/lerochol.html,Verified - no public ticker,LIB Therapeutics is privately held
D082,Otsuka Holdings (parent) / Visterra (private US subsidiary),4578.T,TSE Japan (parent only),Voyxact,sibeprenlimab-szsi,Approval,2025-11-25,IgA nephropathy (proteinuria reduction),Priority,https://www.accessdata.fda.gov/drugsatfda_docs/label/2025/219434s000lbl.pdf,https://www.fda.gov/drugs/novel-drug-approvals-fda/novel-drug-approvals-2025,Verified - foreign parent listing only,Otsuka Holdings trades on Tokyo Stock Exchange (4578); Visterra subsidiary not separately listed
D083,Milestone Pharmaceuticals,MIST,NASDAQ,Cardamyst,etripamil,Approval,2025-12-12,Paroxysmal supraventricular tachycardia,Standard,https://www.accessdata.fda.gov/drugsatfda_docs/label/2025/218571s000lbl.pdf,https://www.nasdaq.com/articles/fda-approves-milestone-pharma-cardamyst-first-self-administered-treatment-psvt,Verified,First new PSVT treatment approved in over 30 years
D084,GSK plc,GSK,NYSE,Exdensur,depemokimab-ulaa,Approval,2025-12-16,Severe eosinophilic asthma (add-on),Standard,https://www.fda.gov/drugs/novel-drug-approvals-fda/novel-drug-approvals-2025,https://www.fda.gov/drugs/drug-trials-snapshots/drug-trials-snapshots-exdensur,Verified,
D085,Cytokinetics Incorporated,CYTK,NASDAQ,Myqorzo,aficamten,Approval,2025-12-19,Symptomatic obstructive hypertrophic cardiomyopathy,Standard,https://www.accessdata.fda.gov/drugsatfda_docs/label/2025/219083s000lbl.pdf,https://www.fda.gov/drugs/novel-drug-approvals-fda/novel-drug-approvals-2025,Verified,
D086,Omeros Corporation,OMER,NASDAQ,Yartemlea,narsoplimab-wuug,Approval,2025-12-23,Hematopoietic stem cell transplant-associated TMA,Standard,https://www.accessdata.fda.gov/drugsatfda_docs/label/2025/761152Orig1s000lbl.pdf,https://www.fda.gov/drugs/novel-drug-approvals-fda/novel-drug-approvals-2025,Verified,
D087,Fortress Biotech / Cyprium Therapeutics (majority-owned subsidiary),FBIO,NASDAQ,Zycubo,copper histidinate,Approval,2026-01-13,Menkes disease,Priority,https://globalgenes.org/raredaily/fda-approves-sentynls-therapy-for-menkes-disease/,https://www.sec.gov/Archives/edgar/data/1429260/000110465926003121/fbio-20260113xex99d1.htm,Verified,"PRV transferred from Sentynl (private, held NDA) to Fortress subsidiary Cyprium at approval"
D088,GSK plc (marketer) / Spero Therapeutics (originator),SPRO,NASDAQ,Utebzi,tebipenem pivoxil,Approval,2026-06-17,Complicated urinary tract infections,Standard,https://www.healio.com/news/primary-care/20260617/fda-approves-oral-utebzi-for-complicated-utis,https://us.gsk.com/en-us/media/press-releases/utebzi-tebipenem-pivoxil-approved-in-the-us-for-adults-with-complicated-urinary-tract-infections-cutis/,Verified,GSK holds global license from Spero Therapeutics excluding select Asian territories
D089,Denali Therapeutics,DNLI,NASDAQ,Avlayah,tividenofusp alfa-eknm,Approval (Accelerated),2026-03-24,Neurologic manifestations of Hunter syndrome (MPS II),Priority/Accelerated,https://practicalneurology.com/news/fda-approves-avlayah-for-neurologic-manifestations-of-hunter-syndrome/2486410/,https://www.hhs.gov/press-room/wtas-fda-approves-drug-treat-neurologic-manifestations-hunter-syndrome.html,Verified,First therapy addressing CNS complications of Hunter syndrome
D090,"Immedica Pharma AB (private, Sweden)",NO_TICKER,N/A,Loargys,pegzilarginase-nbln,Approval (Accelerated),2026-02-23,Arginase 1 deficiency,Priority/Accelerated,https://www.onyxnewsroom.com/immedica-pharmas-loargys-adds-an-enzyme-replacement-entrant-for-ultra-rare-arg1-d-related-hyperargininemia/,https://www.immedica.com/en/press/us-fda-has-granted-accelerated-approval-loargysr-pegzilarginase-nbln-treatment,Verified - no public ticker,Aeglea BioTherapeutics (formerly NASDAQ:AGLE) acquired by Immedica Pharma in 2023; Aeglea delisted
D091,BeOne Medicines (formerly BeiGene),ONC,NASDAQ,Beqalzi,sonrotoclax,Approval (Accelerated),2026-05-13,Relapsed/refractory mantle cell lymphoma,Priority/Accelerated,https://checkrare.com/accelerated-approval-granted-to-beqalzi-sonrotoclax-for-mantle-cell-lymphoma/,https://www.curetoday.com/view/fda-approves-beqalzi-for-relapsed-mantle-cell-lymphoma,Verified,First BCL2 inhibitor approved for relapsed/refractory MCL
D092,Takeda Pharmaceutical Company,TAK,NYSE,Orzeyful,oveporexton,Approval,2026-08-05,Narcolepsy type 1,Priority,https://www.takeda.com/newsroom/newsreleases/2026/orzeyful-approved-narcolepsy/,https://www.psychiatrictimes.com/view/fda-approves-oveporexton-for-narcolepsy-type-1-first-drug-to-treat-full-range-of-nt1-symptoms,Verified,First orexin receptor agonist approved for NT1
D093,Revolution Medicines,RVMD,NASDAQ,Rasonque,daraxonrasib,Approval,2026-08-26,Metastatic pancreatic adenocarcinoma,Standard,https://www.fda.gov/drugs/resources-information-approved-drugs/fda-approves-daraxonrasib-metastatic-pancreatic-adenocarcinoma,https://www.globenewswire.com/news-release/2026/08/26/3351615/0/en/u-s-fda-approves-revolution-medicines-rasonque-daraxonrasib-the-first-broad-ras-targeted-medicine-in-metastatic-pancreatic-cancer.html,Verified,First broad RAS(ON)-targeted medicine approved
D094,Roivant Sciences / Priovant Therapeutics (subsidiary),ROIV,NASDAQ,Lisraya,brepocitinib,Approval,2026-08-27,Dermatomyositis (adults),Priority,https://allsci.com/news/approvals/lisraya-dermatomyositis-fda-approval-approves-as/,https://www.healio.com/news/dermatology/20260828/fda-approves-lisraya-as-first-oral-drug-for-dermatomyositis,Verified,First oral drug approved for dermatomyositis; molecule originally Pfizer's PF-06700841
D095,Takeda Pharmaceutical Company (US rights) / Protagonist Therapeutics (originator),PTGX,NASDAQ,Mimrylo,rusfertide,Approval,2026-08-28,Erythrocytosis in polycythemia vera,Standard,https://www.takeda.com/newsroom/newsreleases/2026/fda-approval-mimrylo/,https://www.accessnewswire.com/newsroom/en/healthcare-and-pharmaceutical/protagonist-therapeutics-announces-u.s.-fda-approval-of-hepcidin-mime-1214342,Verified,Takeda holds global commercial rights via partnership with Protagonist Therapeutics; supported by Phase 3 VERIFY trial
D096,"Aurobindo Pharma (parent, India-listed) / Acrotech Biopharma (private US subsidiary)",AUROPHARMA.NS,NSE/BSE India; no US ADR,Adquey,difamilast,Approval,2026-02-13,Mild-to-moderate atopic dermatitis,Standard,https://www.pharmaindiamagazine.com/acrotech-biopharma-inc-announces-fda-approval-of-adquey-ointment/,https://scanx.trade/stock-market-news/stocks/aurobindo-pharma-s-subsidiary-acrotech-receives-fda-approval-for-adquey-ointment-for-atopic-dermatitis-treatment/32536601,Verified - foreign listing only,Developed in collaboration with Otsuka Pharmaceutical
D097,Vanda Pharmaceuticals,VNDA,NASDAQ,Bysanti,milsaperidone,Approval,2026-02-20,Schizophrenia; bipolar I mania,Standard,https://laafon.com/fda-novel-drug/bysanti-fda-approval-treatment-for-schizophrenia-bipolar-i/,https://www.investing.com/news/company-news/fda-approves-vandas-bysanti-for-bipolar-disorder-schizophrenia-93CH-4517356,Verified,"Second Vanda approval within two months (after Nereus, Dec 2025)"
D098,Ascendis Pharma,ASND,NASDAQ,Yuviwel,navepegritide,Approval (Accelerated),2026-02-27,Achondroplasia (linear growth),Priority/Accelerated,https://www.contemporarypediatrics.com/view/fda-issues-historic-approval-for-navepegritide-in-achondroplasia,https://finance.yahoo.com/news/ascendis-pharma-maps-2026-u-025442951.html,Verified,Ascendis's third FDA-approved TransCon product
D099,Haisco Pharmaceutical Group,002653.SZ,SZSE China; no US ticker,Cypsedo,cipepofol,Approval,2026-05-31,General anesthesia induction (adults),Standard,https://chemxpert.com/all-news/haiscos-cipepofol-becomes-the-first-china-originated-innovative-intravenous-anesthetic-approved-by-the-us-fda,https://filingreader.com/news-wire/shenzhen/2026-06-01/haisco-pharmaceutical-drug-cipepofol-wins-us-fda-approval,Verified - foreign listing only,First China-originated innovative IV anesthetic approved by FDA
D100,Otsuka Pharmaceutical (parent Otsuka Holdings),4578.T,TSE Japan; no US ticker,Simtriyo,centanafadine,Approval,2026-07-24,Attention-deficit hyperactivity disorder,Standard,https://www.psychiatrictimes.com/view/fda-approves-centanafadine-for-adhd-in-children-adolescents-and-adults,https://www.delveinsight.com/blog/simtriyo-approval-for-adhd,Verified - foreign parent listing only,First-in-class NDSRI for ADHD; co-developed with Tris Pharma (private)
D101,Merck & Co. (US) / Bayer AG (ex-US),MRK,NYSE,Verquvo,vericiguat,Approval,2021-01-19,Chronic heart failure (reduce CV death/hospitalization),Priority,,https://www.fda.gov/drugs/novel-drug-approvals-fda/novel-drug-approvals-2021,Verified,Developed by Bayer; Merck & Co. holds US rights
D102,ViiV Healthcare (GSK plc),GSK,NYSE,Cabenuva,cabotegravir and rilpivirine,Approval,2021-01-21,HIV-1 infection (maintenance treatment),Priority,,https://www.fda.gov/drugs/novel-drug-approvals-fda/novel-drug-approvals-2021,Verified,First complete monthly injectable HIV regimen; ViiV is GSK's majority-owned HIV company
D103,Aurinia Pharmaceuticals,AUPH,NASDAQ,Lupkynis,voclosporin,Approval,2021-01-22,Lupus nephritis,Priority,,https://www.fda.gov/drugs/novel-drug-approvals-fda/novel-drug-approvals-2021,Verified,First FDA-approved therapy for lupus nephritis
D104,Merck KGaA (EMD Serono),MRK.DE,Xetra (Frankfurt); no US ticker,Tepmetko,tepotinib,Approval (Accelerated),2021-02-03,MET exon 14 skipping non-small cell lung cancer,Priority/Accelerated,,https://www.fda.gov/drugs/novel-drug-approvals-fda/novel-drug-approvals-2021,Verified - foreign listing only,Merck KGaA (Darmstadt) is a different company from Merck & Co. (US); no primary US listing
D105,TG Therapeutics,TGTX,NASDAQ,Ukoniq,umbralisib,Approval (Accelerated),2021-02-05,Marginal zone lymphoma and follicular lymphoma,Priority/Accelerated,,https://www.fda.gov/drugs/novel-drug-approvals-fda/novel-drug-approvals-2021,Verified - FLAGGED IRREGULARITY,Accelerated approval Feb 2021; VOLUNTARILY WITHDRAWN from US market April 2022 after updated UNITY-CL-01 data showed possible increased risk of death - flagged for manual review
D106,Regeneron Pharmaceuticals,REGN,NASDAQ,Evkeeza,evinacumab-dgnb,Approval,2021-02-11,Homozygous familial hypercholesterolemia,Priority,,https://www.fda.gov/drugs/novel-drug-approvals-fda/novel-drug-approvals-2021,Verified,
D107,Pharmacosmos Group (current holder) / G1 Therapeutics (applicant at approval),GTHX,"formerly NASDAQ:GTHX, delisted Sep 2024",Cosela,trilaciclib,Approval,2021-02-12,Chemotherapy-induced myelosuppression in small cell lung cancer,Priority,,https://www.fda.gov/drugs/novel-drug-approvals-fda/novel-drug-approvals-2021,Verified - FLAGGED IRREGULARITY,"G1 Therapeutics acquired by Pharmacosmos (tender closed Sep 2024, $7.15/sh); GTHX delisted so approval-window price data is unavailable on Yahoo"
D108,Sarepta Therapeutics,SRPT,NASDAQ,Amondys 45,casimersen,Approval (Accelerated),2021-02-25,Duchenne muscular dystrophy (DMD exon 45 skipping),Priority/Accelerated,,https://www.fda.gov/drugs/novel-drug-approvals-fda/novel-drug-approvals-2021,Verified,Third Sarepta exon-skipping PMO for Duchenne; accelerated approval
D109,Idorsia Pharmaceuticals,IDIA.SW,SIX Swiss Exchange; no US ticker,Quviviq,daridorexant,Approval,2022-01-07,Insomnia,Standard,https://www.accessdata.fda.gov/drugsatfda_docs/label/2022/214985s000lbl.pdf,https://www.fda.gov/drugs/novel-drug-approvals-fda/novel-drug-approvals-2022,Verified - foreign listing only,FDA approval Jan 7 2022; DEA scheduling delayed US launch (FR notice Apr 7 2022 per Drugs@FDA)
D110,Pfizer,PFE,NYSE,Cibinqo,abrocitinib,Approval,2022-01-14,Refractory moderate-to-severe atopic dermatitis,Priority,https://www.accessdata.fda.gov/drugsatfda_docs/label/2022/213871s000lbl.pdf,https://www.fda.gov/drugs/novel-drug-approvals-fda/novel-drug-approvals-2022,Verified,
D111,Immunocore Holdings,IMCR,NASDAQ,Kimmtrak,tebentafusp-tebn,Approval,2022-01-25,Unresectable/metastatic uveal melanoma,Priority,https://www.accessdata.fda.gov/drugsatfda_docs/label/2022/761228s000lbl.pdf,https://www.fda.gov/drugs/novel-drug-approvals-fda/novel-drug-approvals-2022,Verified,First bispecific TCR therapeutic; Orphan drug
D112,Roche Holding AG (Genentech),RHHBY,OTC ADR; primary SIX:ROG,Vabysmo,faricimab-svoa,Approval,2022-01-28,Wet age-related macular degeneration; diabetic macular edema,Standard,https://www.accessdata.fda.gov/drugsatfda_docs/label/2022/761235s000lbl.pdf,https://www.fda.gov/drugs/novel-drug-approvals-fda/novel-drug-approvals-2022,Verified,
D113,"Recordati Rare Diseases (current holder) / Bioverativ, a Sanofi company (applicant at approval)",SNY,NASDAQ (Sanofi ADR),Enjaymo,sutimlimab-jome,Approval,2022-02-04,Cold agglutinin disease,Priority,https://www.accessdata.fda.gov/drugsatfda_docs/label/2022/761164s000lbl.pdf,https://www.fda.gov/drugs/novel-drug-approvals-fda/novel-drug-approvals-2022,Verified,Original applicant Bioverativ (Sanofi); rare-disease portfolio later divested to Recordati per openFDA sponsor record
D114,Agios Pharmaceuticals,AGIO,NASDAQ,Pyrukynd,mitapivat,Approval,2022-02-17,Hemolytic anemia in pyruvate kinase deficiency,Priority,https://www.accessdata.fda.gov/drugsatfda_docs/label/2022/216196s000lbl.pdf,https://www.fda.gov/drugs/novel-drug-approvals-fda/novel-drug-approvals-2022,Verified,
D115,"Swedish Orphan Biovitrum, SOBI (current holder) / CTI BioPharma (applicant at approval)",CTIC,"formerly NASDAQ:CTIC, delisted 2023",Vonjo,pacritinib,Approval (Accelerated),2022-02-28,Intermediate/high-risk myelofibrosis with low platelets,Priority/Accelerated,https://www.accessdata.fda.gov/drugsatfda_docs/label/2022/208712s000lbl.pdf,https://www.fda.gov/drugs/novel-drug-approvals-fda/novel-drug-approvals-2022,Verified - FLAGGED IRREGULARITY,"ACCELERATED APPROVAL; CTI BioPharma acquired by Sobi ($1.7B, closed 2023); CTIC delisted so approval-window price data is unavailable on Yahoo"
D116,Bristol Myers Squibb,BMY,NYSE,Opdualag,nivolumab and relatlimab-rmbw,Approval,2022-03-18,Unresectable/metastatic melanoma,Priority,https://www.accessdata.fda.gov/drugsatfda_docs/label/2022/761234s000lbl.pdf,https://www.fda.gov/drugs/novel-drug-approvals-fda/novel-drug-approvals-2022,Verified,
D117,Immedica Pharma (current holder) / Marinus Pharmaceuticals (applicant at approval),MRNS,"formerly NASDAQ:MRNS, delisted Feb 2025",Ztalmy,ganaxolone,Approval,2022-03-18,Seizures in CDKL5 deficiency disorder,Priority,https://www.accessdata.fda.gov/drugsatfda_docs/label/2022/215904s000lbl.pdf,https://www.fda.gov/drugs/novel-drug-approvals-fda/novel-drug-approvals-2022,Verified - FLAGGED IRREGULARITY,"Priority Review Voucher granted at approval (per approval letter); Marinus later acquired by Immedica ($0.55/sh tender, delisted Feb 2025) so approval-window price data is unavailable on Yahoo"
D118,Novartis AG,NVS,NYSE,Pluvicto,lutetium Lu-177 vipivotide tetraxetan,Approval,2022-03-23,PSMA-positive metastatic castration-resistant prostate cancer,Priority,https://www.accessdata.fda.gov/drugsatfda_docs/label/2022/215833s000lbl.pdf,https://www.fda.gov/drugs/novel-drug-approvals-fda/novel-drug-approvals-2022,Verified,Novartis acquired the radioligand program via Advanced Accelerator Applications (2018)
D119,Mycovia Pharmaceuticals (private),NO_TICKER,N/A,Vivjoa,oteseconazole,Approval,2022-04-26,Recurrent vulvovaginal candidiasis,Priority,https://www.accessdata.fda.gov/drugsatfda_docs/label/2022/215888s000lbl.pdf,https://www.fda.gov/drugs/novel-drug-approvals-fda/novel-drug-approvals-2022,Verified - no public ticker,Mycovia Pharmaceuticals is privately held
D120,Bristol Myers Squibb,BMY,NYSE,Camzyos,mavacamten,Approval,2022-04-28,Obstructive hypertrophic cardiomyopathy,Standard,https://www.accessdata.fda.gov/drugsatfda_docs/label/2022/214998s000lbl.pdf,https://www.fda.gov/drugs/novel-drug-approvals-fda/novel-drug-approvals-2022,Verified,Asset acquired via MyoKardia buyout (2020)
D121,Phathom Pharmaceuticals,PHAT,NASDAQ,Voquezna,"vonoprazan, amoxicillin, and clarithromycin",Approval,2022-05-03,Helicobacter pylori infection,Priority,https://www.accessdata.fda.gov/drugsatfda_docs/label/2022/215152s000lbl.pdf,https://www.fda.gov/drugs/novel-drug-approvals-fda/novel-drug-approvals-2022,Verified,
D122,Eli Lilly and Company,LLY,NYSE,Mounjaro,tirzepatide,Approval,2022-05-13,Type 2 diabetes (glycemic control),Standard,https://www.accessdata.fda.gov/drugsatfda_docs/label/2022/215866s000lbl.pdf,https://www.fda.gov/drugs/novel-drug-approvals-fda/novel-drug-approvals-2022,Verified,
D123,"Organon (current US rights) / Dermavant Sciences, a Roivant company (applicant at approval)",ROIV,NASDAQ (Roivant proxy),Vtama,tapinarof,Approval,2022-05-23,Plaque psoriasis,Standard,https://www.accessdata.fda.gov/drugsatfda_docs/label/2022/215272s000lbl.pdf,https://www.fda.gov/drugs/novel-drug-approvals-fda/novel-drug-approvals-2022,Verified,Applicant at approval was Dermavant (Roivant subsidiary); Organon acquired Dermavant's Vtama US rights in 2024; ROIV used as the listed-equity proxy for the approval reaction
D124,Alnylam Pharmaceuticals,ALNY,NASDAQ,Amvuttra,vutrisiran,Approval,2022-06-13,Polyneuropathy of hereditary transthyretin-mediated amyloidosis,Standard,https://www.accessdata.fda.gov/drugsatfda_docs/label/2022/215515s000lbl.pdf,https://www.fda.gov/drugs/novel-drug-approvals-fda/novel-drug-approvals-2022,Verified,
D125,Sanofi (Genzyme),SNY,NASDAQ (Sanofi ADR),Xenpozyme,olipudase alfa-rpcp,Approval,2022-08-31,Acid sphingomyelinase deficiency,Priority,https://www.accessdata.fda.gov/drugsatfda_docs/label/2022/761261s000lbl.pdf,https://www.fda.gov/drugs/novel-drug-approvals-fda/novel-drug-approvals-2022,Verified,
D126,Boehringer Ingelheim (private),NO_TICKER,N/A,Spevigo,spesolimab-sbzo,Approval,2022-09-01,Generalized pustular psoriasis flares,Priority,https://www.accessdata.fda.gov/drugsatfda_docs/label/2022/761244s000lbl.pdf,https://www.fda.gov/drugs/novel-drug-approvals-fda/novel-drug-approvals-2022,Verified - no public ticker,Boehringer Ingelheim is a privately held German company
D127,Revance Therapeutics,RVNC,"formerly NASDAQ:RVNC, delisted Feb 2025",Daxxify,daxibotulinumtoxinA-lanm,Approval,2022-09-07,Moderate-to-severe glabellar lines,Standard,https://www.accessdata.fda.gov/drugsatfda_docs/label/2022/761127s000lbl.pdf,https://www.fda.gov/drugs/novel-drug-approvals-fda/novel-drug-approvals-2022,Verified - FLAGGED IRREGULARITY,"Revance later acquired by Crown Laboratories ($3.65/sh tender, closed Feb 6 2025); RVNC delisted so approval-window price data is unavailable on Yahoo"
D128,Assertio Holdings (current holder) / Spectrum Pharmaceuticals (applicant at approval),SPPI,"formerly NASDAQ:SPPI, delisted 2023",Rolvedon,eflapegrastim-xnst,Approval,2022-09-09,Neutropenia prevention (myelosuppressive chemotherapy),Standard,https://www.accessdata.fda.gov/drugsatfda_docs/label/2022/761148Orig1s000Corrected_lbl.pdf,https://www.fda.gov/drugs/novel-drug-approvals-fda/novel-drug-approvals-2022,Verified - FLAGGED IRREGULARITY,"Spectrum acquired by Assertio (0.1783 ASRT/sh + CVR, closed Q3 2023); SPPI delisted so approval-window price data is unavailable on Yahoo"
D129,Bristol Myers Squibb,BMY,NYSE,Sotyktu,deucravacitinib,Approval,2022-09-09,Moderate-to-severe plaque psoriasis,Standard,https://www.accessdata.fda.gov/drugsatfda_docs/label/2022/214958s000lbl.pdf,https://www.fda.gov/drugs/novel-drug-approvals-fda/novel-drug-approvals-2022,Verified,
D130,Mallinckrodt Pharmaceuticals,MNK,"formerly NYSE:MNK, equity cancelled 2023",Terlivaz,terlipressin,Approval,2022-09-14,Hepatorenal syndrome with rapid reduction in kidney function,Priority,https://www.accessdata.fda.gov/drugsatfda_docs/label/2022/022231s000lbl.pdf,https://www.fda.gov/drugs/novel-drug-approvals-fda/novel-drug-approvals-2022,Verified - FLAGGED IRREGULARITY,Mallinckrodt's second Chapter 11 (filed Aug 28 2023) cancelled existing equity and NYSE suspended trading; approval-window price data unavailable on Yahoo
D131,Guerbet SA,GBT.PA,Euronext Paris; no US ticker,Elucirem,gadopiclenol,Approval,2022-09-21,MRI contrast agent (CNS and body lesions),Priority,https://www.accessdata.fda.gov/drugsatfda_docs/label/2022/216986s000lbl.pdf,https://www.fda.gov/drugs/novel-drug-approvals-fda/novel-drug-approvals-2022,Verified - foreign listing only,Guerbet is listed on Euronext Paris
D132,Ouvex (current holder per openFDA) / Santen Pharmaceutical (applicant at approval),4536.T,Tokyo Stock Exchange; no US ADR,Omlonti,oomidenepag isopropyl,Approval,2022-09-22,Elevated intraocular pressure (open-angle glaucoma/ocular hypertension),Standard,https://www.accessdata.fda.gov/drugsatfda_docs/label/2022/215092s000lbl.pdf,https://www.fda.gov/drugs/novel-drug-approvals-fda/novel-drug-approvals-2022,Verified - foreign listing only,Santen was the original applicant; US rights later transferred to Ouvex per openFDA sponsor record; Santen (4536.T) used for the approval reaction
D133,Amylyx Pharmaceuticals,AMLX,NASDAQ,Relyvrio,sodium phenylbutyrate and taurursodiol,Approval,2022-09-29,Amyotrophic lateral sclerosis,Priority,https://www.accessdata.fda.gov/drugsatfda_docs/label/2022/216660s000lbledt.pdf,https://www.fda.gov/drugs/novel-drug-approvals-fda/novel-drug-approvals-2022,Verified - FLAGGED IRREGULARITY,VOLUNTARILY WITHDRAWN from US market April 2024 after Phase 3 PHOENIX trial failed primary endpoint - flagged for manual review
D134,Taiho Oncology (Otsuka Holdings),4578.T,Tokyo Stock Exchange (parent Otsuka Holdings); no US ADR,Lytgobi,futibatinib,Approval (Accelerated),2022-09-30,Intrahepatic cholangiocarcinoma (FGFR2-altered),Priority/Accelerated,https://www.accessdata.fda.gov/drugsatfda_docs/label/2022/214801Orig1s000lbledt.pdf,https://www.fda.gov/drugs/novel-drug-approvals-fda/novel-drug-approvals-2022,Verified - foreign parent listing only,US applicant Taiho Oncology is part of Otsuka Holdings; Otsuka Holdings (4578.T) used as the listed proxy
D135,AstraZeneca,AZN,NASDAQ (ADR),Imjudo,tremelimumab-actl,Approval,2022-10-21,Unresectable hepatocellular carcinoma,Standard,https://www.accessdata.fda.gov/drugsatfda_docs/label/2022/761289s001lbl.pdf,https://www.fda.gov/drugs/novel-drug-approvals-fda/novel-drug-approvals-2022,Verified,
D136,Janssen Biotech (Johnson & Johnson),JNJ,NYSE,Tecvayli,teclistamab-cqyv,Approval (Accelerated),2022-10-25,Relapsed/refractory multiple myeloma,Priority/Accelerated,https://www.accessdata.fda.gov/drugsatfda_docs/label/2022/761291s000lbl.pdf,https://www.fda.gov/drugs/novel-drug-approvals-fda/novel-drug-approvals-2022,Verified,ACCELERATED APPROVAL
D137,AbbVie (current holder) / ImmunoGen (applicant at approval),IMGN,"formerly NASDAQ:IMGN, delisted Feb 2024",Elahere,mirvetuximab soravtansine-gynx,Approval (Accelerated),2022-11-14,Platinum-resistant ovarian cancer (FRalpha-positive),Priority/Accelerated,https://www.accessdata.fda.gov/drugsatfda_docs/label/2022/761310s000lbl.pdf,https://www.fda.gov/drugs/novel-drug-approvals-fda/novel-drug-approvals-2022,Verified - FLAGGED IRREGULARITY,"ACCELERATED APPROVAL; ImmunoGen acquired by AbbVie ($10.1B, closed Feb 12 2024); IMGN delisted so approval-window price data is unavailable on Yahoo"
D138,Sanofi (current holder) / Provention Bio (applicant at approval),PRVB,"formerly NASDAQ:PRVB, delisted 2023",Tzield,teplizumab-mzwv,Approval,2022-11-18,Delay onset of stage 3 type 1 diabetes,Priority,https://www.accessdata.fda.gov/drugsatfda_docs/label/2022/761183s000lbl.pdf,https://www.fda.gov/drugs/novel-drug-approvals-fda/novel-drug-approvals-2022,Verified - FLAGGED IRREGULARITY,"Provention Bio acquired by Sanofi ($2.9B, 2023); PRVB delisted so approval-window price data is unavailable on Yahoo"
D139,Rigel Pharmaceuticals,RIGL,NASDAQ,Rezlidhia,olutasidenib,Approval,2022-12-01,Relapsed/refractory AML with IDH1 mutation,Standard,https://www.accessdata.fda.gov/drugsatfda_docs/label/2022/215814s000lbl.pdf,https://www.fda.gov/drugs/novel-drug-approvals-fda/novel-drug-approvals-2022,Verified,
D140,Bristol Myers Squibb (current holder) / Mirati Therapeutics (applicant at approval),MRTX,"formerly NASDAQ:MRTX, delisted Jan 2024",Krazati,adagrasib,Approval (Accelerated),2022-12-12,KRAS G12C-mutated non-small cell lung cancer,Standard/Accelerated,https://www.accessdata.fda.gov/drugsatfda_docs/label/2022/216340s000lbl.pdf,https://www.fda.gov/drugs/novel-drug-approvals-fda/novel-drug-approvals-2022,Verified - FLAGGED IRREGULARITY,"ACCELERATED APPROVAL; Mirati acquired by Bristol Myers Squibb ($5.8B, closed Jan 2024); MRTX delisted so approval-window price data is unavailable on Yahoo"
D141,Roche Holding AG (Genentech),RHHBY,OTC ADR; primary SIX:ROG,Lunsumio,mosunetuzumab-axgb,Approval (Accelerated),2022-12-22,Relapsed/refractory follicular lymphoma,Priority/Accelerated,https://www.accessdata.fda.gov/drugsatfda_docs/label/2022/761263s000lbl.pdf,https://www.fda.gov/drugs/novel-drug-approvals-fda/novel-drug-approvals-2022,Verified,ACCELERATED APPROVAL
D142,Gilead Sciences,GILD,NASDAQ,Sunlenca,lenacapavir,Approval,2022-12-22,HIV-1 infection (heavily treatment-experienced),Priority,https://www.accessdata.fda.gov/drugsatfda_docs/label/2022/215973s000lbl.pdf,https://www.fda.gov/drugs/novel-drug-approvals-fda/novel-drug-approvals-2022,Verified,
D143,Polarean Imaging plc,POL.L,"formerly LSE AIM:POL (later POLX), delisted Dec 2025",Xenoview,hyperpolarized xenon Xe-129,Approval,2022-12-23,Evaluation of pulmonary function and imaging,Standard,https://www.accessdata.fda.gov/drugsatfda_docs/label/2022/214375s000lbl.pdf,https://www.fda.gov/drugs/novel-drug-approvals-fda/novel-drug-approvals-2022,Verified - FLAGGED IRREGULARITY,Polarean delisted from AIM (Dec 23 2025) and re-registered as a private company; Yahoo no longer serves the approval-window series
D144,TG Therapeutics,TGTX,NASDAQ,Briumvi,ublituximab-xiiy,Approval,2022-12-28,Relapsing forms of multiple sclerosis,Standard,https://www.accessdata.fda.gov/drugsatfda_docs/label/2022/761238s000lbl.pdf,https://www.fda.gov/drugs/novel-drug-approvals-fda/novel-drug-approvals-2022,Verified,
D145,MediWound,MDWD,NASDAQ (ADS),NexoBrid,anacaulase-bcdb,Approval,2022-12-28,Eschar removal in deep partial/full thickness thermal burns,Standard,https://www.accessdata.fda.gov/drugsatfda_docs/label/2023/761192s000lbl.pdf,https://www.fda.gov/drugs/novel-drug-approvals-fda/novel-drug-approvals-2022,Verified,
D146,Eisai (applicant) in partnership with Biogen,4523.T,Tokyo Stock Exchange; no US ADR,Leqembi,lecanemab-irmb,Approval (Accelerated),2023-01-06,Alzheimer's disease,Priority/Accelerated,https://www.accessdata.fda.gov/drugsatfda_docs/label/2023/761269Orig1s000lbl.pdf,https://www.fda.gov/drugs/novel-drug-approvals-fda/novel-drug-approvals-2023,Verified - foreign listing primary,"ACCELERATED APPROVAL; converted to traditional approval July 2023; Eisai leads development, Biogen co-commercializes"
D147,TheracosBio (private),NO_TICKER,N/A,Brenzavvy,bexagliflozin,Approval,2023-01-20,Type 2 diabetes (glycemic control),Standard,https://www.accessdata.fda.gov/drugsatfda_docs/label/2023/214373s000lbl.pdf,https://www.fda.gov/drugs/novel-drug-approvals-fda/novel-drug-approvals-2023,Verified - no public ticker,TheracosBio is privately held
D148,Eli Lilly and Company (LOXO Oncology at approval),LLY,NYSE,Jaypirca,pirtobrutinib,Approval (Accelerated),2023-01-27,Relapsed/refractory mantle cell lymphoma,Priority/Accelerated,https://www.accessdata.fda.gov/drugsatfda_docs/label/2023/216059Orig1s000Corrected_lbl.pdf,https://www.fda.gov/drugs/novel-drug-approvals-fda/novel-drug-approvals-2023,Verified,ACCELERATED APPROVAL; developed by Loxo Oncology at Lilly (Drugs@FDA shows sponsor LOXO ONCOL)
D149,Stemline Therapeutics (Menarini Group) (private),NO_TICKER,N/A,Orserdu,elacestrant,Approval,2023-01-27,ER+/HER2-/ESR1-mutated advanced or metastatic breast cancer,Priority,https://www.accessdata.fda.gov/drugsatfda_docs/label/2023/217639s000lbl.pdf,https://www.fda.gov/drugs/novel-drug-approvals-fda/novel-drug-approvals-2023,Verified - no public ticker,Stemline/Menarini group companies are privately held; Radius Health originated elacestrant
D150,GSK plc,GSK,NYSE,Jesduvroq,daprodustat,Approval,2023-02-01,Anemia of chronic kidney disease (dialysis >=4 months),Standard,https://www.accessdata.fda.gov/drugsatfda_docs/label/2023/216951s000lbl.pdf,https://www.fda.gov/drugs/novel-drug-approvals-fda/novel-drug-approvals-2023,Verified,First oral HIF-PHI approved in the US for anemia of CKD in dialysis-dependent adults
D151,Chiesi Farmaceutici (private),NO_TICKER,N/A,Lamzede,velmanase alfa-tycv,Approval,2023-02-16,Non-CNS manifestations of alpha-mannosidosis,Priority,https://www.accessdata.fda.gov/drugsatfda_docs/label/2023/761278s000lbl.pdf,https://www.fda.gov/drugs/novel-drug-approvals-fda/novel-drug-approvals-2023,Verified - no public ticker,Chiesi is a privately held Italian company
D152,Travere Therapeutics,TVTX,NASDAQ,Filspari,sparsentan,Approval (Accelerated),2023-02-17,Proteinuria reduction in primary IgA nephropathy,Priority/Accelerated,https://www.accessdata.fda.gov/drugsatfda_docs/label/2023/216403s000lbl.pdf,https://www.fda.gov/drugs/novel-drug-approvals-fda/novel-drug-approvals-2023,Verified,ACCELERATED APPROVAL
D153,Biogen (current holder) / Reata Pharmaceuticals (applicant at approval),RETA,"formerly NASDAQ:RETA, delisted Sep 2023",Skyclarys,omaveloxolone,Approval,2023-02-28,Friedreich's ataxia,Priority,https://www.accessdata.fda.gov/drugsatfda_docs/label/2023/216718Orig1s000lbl.pdf,https://www.fda.gov/drugs/novel-drug-approvals-fda/novel-drug-approvals-2023,Verified - FLAGGED IRREGULARITY,"Reata acquired by Biogen ($172.50/sh, ~$7.3B, closed Sep 26 2023); RETA delisted so approval-window price data is unavailable on Yahoo"
D154,Pfizer,PFE,NYSE,Zavzpret,zavegepant,Approval,2023-03-09,Migraine (acute treatment),Standard,https://www.accessdata.fda.gov/drugsatfda_docs/label/2023/216386s000lbl.pdf,https://www.fda.gov/drugs/novel-drug-approvals-fda/novel-drug-approvals-2023,Verified,
D155,Acadia Pharmaceuticals,ACAD,NASDAQ,Daybue,trofinetide,Approval,2023-03-10,Rett syndrome,Priority,https://www.accessdata.fda.gov/drugsatfda_docs/label/2023/217026s000lbl.pdf,https://www.fda.gov/drugs/novel-drug-approvals-fda/novel-drug-approvals-2023,Verified,First drug approved for Rett syndrome
D156,Mundipharma (current holder) / Cidara Therapeutics (applicant at approval),CDTX,"formerly NASDAQ:CDTX, delisted Jan 2026",Rezzayo,rezafungin,Approval,2023-03-22,Candidemia and invasive candidiasis,Priority,https://www.accessdata.fda.gov/drugsatfda_docs/label/2023/217417s000lbl.pdf,https://www.fda.gov/drugs/novel-drug-approvals-fda/novel-drug-approvals-2023,Verified - FLAGGED IRREGULARITY,"Cidara originated rezafungin; Cidara later acquired by Merck & Co. ($221.50/sh tender, closed Jan 7 2026); CDTX delisted so approval-window price data is unavailable on Yahoo"
D157,Incyte Corporation,INCY,NASDAQ,Zynyz,retifanlimab-dlwr,Approval (Accelerated),2023-03-22,Metastatic or recurrent locally advanced Merkel cell carcinoma,Priority/Accelerated,https://www.accessdata.fda.gov/drugsatfda_docs/label/2023/761334s000lbl.pdf,https://www.fda.gov/drugs/novel-drug-approvals-fda/novel-drug-approvals-2023,Verified,ACCELERATED APPROVAL
D158,Pharming Group,PHAR,NASDAQ (ADS),Joenja,leniolisib,Approval,2023-03-24,Activated phosphoinositide 3-kinase delta syndrome (APDS),Priority,https://www.accessdata.fda.gov/drugsatfda_docs/label/2023/217759s000lbl.pdf,https://www.fda.gov/drugs/novel-drug-approvals-fda/novel-drug-approvals-2023,Verified,
D159,Biogen,BIIB,NASDAQ,Qalsody,tofersen,Approval (Accelerated),2023-04-25,ALS in adults with SOD1 mutation,Priority/Accelerated,https://www.accessdata.fda.gov/drugsatfda_docs/label/2023/215887s000lbl.pdf,https://www.fda.gov/drugs/novel-drug-approvals-fda/novel-drug-approvals-2023,Verified,ACCELERATED APPROVAL; first therapy targeting a genetic cause (SOD1) of ALS
D160,Chiesi Farmaceutici (applicant; private) with Protalix BioTherapeutics (developer),PLX,NYSE American (Protalix proxy),Elfabrio,pegunigalsidase alfa-iwxj,Approval,2023-05-09,Confirmed Fabry disease,Priority,https://www.accessdata.fda.gov/drugsatfda_docs/label/2023/761161s000lbl.pdf,https://www.fda.gov/drugs/novel-drug-approvals-fda/novel-drug-approvals-2023,Verified,"Chiesi (private) is the applicant; Protalix (PLX) developed and co-commercializes, used as listed-equity proxy"
D161,Astellas Pharma,4503.T,Tokyo Stock Exchange; no US ADR,Veozah,fezolinetant,Approval,2023-05-12,Moderate to severe menopause-related hot flashes,Standard,https://www.accessdata.fda.gov/drugsatfda_docs/label/2023/216578s000lbl.pdf,https://www.fda.gov/drugs/novel-drug-approvals-fda/novel-drug-approvals-2023,Verified - foreign listing primary,
D162,Bausch + Lomb,BLCO,NYSE,Miebo,perfluorhexyloctane,Approval,2023-05-18,Signs and symptoms of dry eye disease,Standard,https://www.accessdata.fda.gov/drugsatfda_docs/label/2023/216675s000lbl.pdf,https://www.fda.gov/drugs/novel-drug-approvals-fda/novel-drug-approvals-2023,Verified,
D163,Genmab,GMAB,NASDAQ (ADS),Epkinly,epcoritamab-bysp,Approval (Accelerated),2023-05-19,Relapsed/refractory diffuse large B-cell lymphoma,Priority/Accelerated,https://www.accessdata.fda.gov/drugsatfda_docs/label/2023/761324s000lbl.pdf,https://www.fda.gov/drugs/novel-drug-approvals-fda/novel-drug-approvals-2023,Verified,ACCELERATED APPROVAL
D164,"Innoviva (Entasis Therapeutics, an Innoviva company)",INVA,NASDAQ,Xacduro,sulbactam and durlobactam,Approval,2023-05-23,Hospital-acquired/ventilator-associated bacterial pneumonia (Acinetobacter),Priority,https://www.accessdata.fda.gov/drugsatfda_docs/label/2023/216974Orig1s000Correctedlbl.pdf,https://www.fda.gov/drugs/novel-drug-approvals-fda/novel-drug-approvals-2023,Verified,Entasis originated sulbactam-durlobactam; Innoviva is current holder
D165,Pfizer,PFE,NYSE,Paxlovid,nirmatrelvir and ritonavir,Approval,2023-05-25,Mild-to-moderate COVID-19 (high risk of progression),Priority,https://www.accessdata.fda.gov/drugsatfda_docs/label/2023/217188s000lbl.pdf,https://www.fda.gov/drugs/novel-drug-approvals-fda/novel-drug-approvals-2023,Verified,First full FDA approval (NDA) of a COVID-19 oral antiviral; previously authorized under EUA
D166,Lantheus Holdings (Blue Earth Diagnostics subsidiary),LNTH,NASDAQ,Posluma,flotufolastat F 18,Approval,2023-05-25,PET imaging of prostate cancer,Standard,https://www.accessdata.fda.gov/drugsatfda_docs/label/2023/216023s000lbl.pdf,https://www.fda.gov/drugs/novel-drug-approvals-fda/novel-drug-approvals-2023,Verified,
D167,Lexicon Pharmaceuticals,LXRX,NASDAQ,Inpefa,sotagliflozin,Approval,2023-05-26,Heart failure,Standard,https://www.accessdata.fda.gov/drugsatfda_docs/label/2023/216203s000lbl.pdf,https://www.fda.gov/drugs/novel-drug-approvals-fda/novel-drug-approvals-2023,Verified,
D168,Roche Holding AG (Genentech),RHHBY,OTC ADR; primary SIX:ROG,Columvi,glofitamab-gxbm,Approval (Accelerated),2023-06-15,Relapsed/refractory diffuse large B-cell lymphoma,Priority/Accelerated,https://www.accessdata.fda.gov/drugsatfda_docs/label/2023/761309s000lbl.pdf,https://www.fda.gov/drugs/novel-drug-approvals-fda/novel-drug-approvals-2023,Verified,ACCELERATED APPROVAL
D169,Pfizer,PFE,NYSE,Litfulo,ritlecitinib,Approval,2023-06-23,Severe alopecia areata,Standard,https://www.accessdata.fda.gov/drugsatfda_docs/label/2023/215830s000lbl.pdf,https://www.fda.gov/drugs/novel-drug-approvals-fda/novel-drug-approvals-2023,Verified,
D170,UCB,UCB.BR,Euronext Brussels; no US ticker,Rystiggo,rozanolixizumab-noli,Approval,2023-06-26,Generalized myasthenia gravis,Priority,https://www.accessdata.fda.gov/drugsatfda_docs/label/2023/761286s000lbl.pdf,https://www.fda.gov/drugs/novel-drug-approvals-fda/novel-drug-approvals-2023,Verified - foreign listing only,
D171,Pfizer (with OPKO Health partnership),PFE,NYSE,Ngenla,somatrogon-ghla,Approval,2023-06-27,Growth failure due to inadequate growth hormone secretion,Standard,https://www.accessdata.fda.gov/drugsatfda_docs/label/2023/761184Orig1s000Corrected_lbl.pdf,https://www.fda.gov/drugs/novel-drug-approvals-fda/novel-drug-approvals-2023,Verified,Developed under Pfizer's growth-hormone partnership with OPKO Health (NASDAQ:OPK)
D172,AstraZeneca,AZN,NASDAQ (ADR),Beyfortus,nirsevimab-alip,Approval,2023-07-17,Prevention of RSV lower respiratory tract disease,Standard,https://www.accessdata.fda.gov/drugsatfda_docs/label/2023/761328s000lbl.pdf,https://www.fda.gov/drugs/novel-drug-approvals-fda/novel-drug-approvals-2023,Verified,Long-acting RSV antibody for infants; commercialized in partnership with Sanofi
D173,Daiichi Sankyo,DSNKY,OTC ADR; primary TYO:4568,Vanflyta,quizartinib,Approval,2023-07-20,Newly diagnosed acute myeloid leukemia (FLT3-ITD+),Priority,https://www.accessdata.fda.gov/drugsatfda_docs/label/2023/216993s000lbl.pdf,https://www.fda.gov/drugs/novel-drug-approvals-fda/novel-drug-approvals-2023,Verified - foreign listing primary,
D174,Tarsus Pharmaceuticals,TARS,NASDAQ,Xdemvy,lotilaner,Approval,2023-07-25,Demodex blepharitis,Standard,https://www.accessdata.fda.gov/drugsatfda_docs/label/2023/217603s000lbl.pdf,https://www.fda.gov/drugs/novel-drug-approvals-fda/novel-drug-approvals-2023,Verified,
D175,Astellas Pharma (current holder) / IVERIC bio (applicant at approval),ISEE,"formerly NASDAQ:ISEE, delisted Jul 2023",Izervay,avacincaptad pegol,Approval,2023-08-04,Geographic atrophy secondary to age-related macular degeneration,Priority,https://www.accessdata.fda.gov/drugsatfda_docs/label/2023/217225s000lbl.pdf,https://www.fda.gov/drugs/novel-drug-approvals-fda/novel-drug-approvals-2023,Verified - FLAGGED IRREGULARITY,"IVERIC bio acquired by Astellas ($5.9B, closed Jul 2023); ISEE delisted so approval-window price data is unavailable on Yahoo"
D176,Biogen in partnership with Sage Therapeutics,BIIB,NASDAQ,Zurzuvae,zuranolone,Approval,2023-08-04,Postpartum depression,Priority,https://www.accessdata.fda.gov/drugsatfda_docs/label/2023/217369s000lbl.pdf,https://www.fda.gov/drugs/novel-drug-approvals-fda/novel-drug-approvals-2023,Verified,Co-developed with Sage Therapeutics (NASDAQ:SAGE); Biogen leads US commercialization
D177,Janssen Biotech (Johnson & Johnson),JNJ,NYSE,Talvey,talquetamab-tgvs,Approval (Accelerated),2023-08-09,Relapsed/refractory multiple myeloma,Priority/Accelerated,https://www.accessdata.fda.gov/drugsatfda_docs/label/2023/761342s000lbl.pdf,https://www.fda.gov/drugs/novel-drug-approvals-fda/novel-drug-approvals-2023,Verified,ACCELERATED APPROVAL
D178,Pfizer,PFE,NYSE,Elrexfio,elranatamab-bcmm,Approval (Accelerated),2023-08-14,Relapsed/refractory multiple myeloma,Priority/Accelerated,https://www.accessdata.fda.gov/drugsatfda_docs/label/2023/761345Orig1s000lbl.pdf,https://www.fda.gov/drugs/novel-drug-approvals-fda/novel-drug-approvals-2023,Verified,ACCELERATED APPROVAL
D179,Ipsen S.A.,IPN.PA,Euronext Paris; no US ticker,Sohonos,palovarotene,Approval,2023-08-16,Fibrodysplasia ossificans progressiva,Priority,https://www.accessdata.fda.gov/drugsatfda_docs/label/2023/215559s000lbl.pdf,https://www.fda.gov/drugs/novel-drug-approvals-fda/novel-drug-approvals-2023,Verified - foreign listing only,
D180,Regeneron Pharmaceuticals,REGN,NASDAQ,Veopoz,pozelimab-bbfg,Approval,2023-08-18,CD55-deficient protein-losing enteropathy (CHAPLE disease),Priority,https://www.accessdata.fda.gov/drugsatfda_docs/label/2023/761339s000lbl.pdf,https://www.fda.gov/drugs/novel-drug-approvals-fda/novel-drug-approvals-2023,Verified,
D181,Ayrmid Pharma (current holder per openFDA) / BioLineRx (applicant at approval),BLRX,"NASDAQ (ADS, BioLineRx proxy)",Aphexda,motixafortide,Approval,2023-09-08,Stem-cell mobilization in multiple myeloma,Standard,https://www.accessdata.fda.gov/drugsatfda_docs/label/2023/217159s000lbl.pdf,https://www.fda.gov/drugs/novel-drug-approvals-fda/novel-drug-approvals-2023,Verified,BioLineRx was the applicant; US rights later transferred to Ayrmid per openFDA sponsor record; BLRX used for the approval reaction
D182,GSK plc,GSK,NYSE,Ojjaara,momelotinib,Approval,2023-09-15,Intermediate/high-risk myelofibrosis with anemia,Standard,https://www.accessdata.fda.gov/drugsatfda_docs/label/2023/216873s000lbl.pdf,https://www.fda.gov/drugs/novel-drug-approvals-fda/novel-drug-approvals-2023,Verified,Momelotinib added to GSK via Sierra Oncology acquisition (2022)
D183,Fabre Kramer Pharmaceuticals (private),NO_TICKER,N/A,Exxua,gepirone,Approval,2023-09-22,Major depressive disorder,Standard,https://www.accessdata.fda.gov/drugsatfda_docs/label/2023/021164s000lbl.pdf,https://www.fda.gov/drugs/novel-drug-approvals-fda/novel-drug-approvals-2023,Verified - no public ticker,Fabre Kramer Pharmaceuticals is privately held
D184,"Amicus Therapeutics (at approval; later acquired by BioMarin, closed Apr 2026)",FOLD,"formerly NASDAQ:FOLD, delisted Apr 2026",Pombiliti,cipaglucosidase alfa-atga,Approval,2023-09-28,Late-onset Pompe disease,Standard,https://www.accessdata.fda.gov/drugsatfda_docs/label/2023/761204s000lbl.pdf,https://www.fda.gov/drugs/novel-drug-approvals-fda/novel-drug-approvals-2023,Verified - FLAGGED IRREGULARITY,"Amicus was independent at approval; BioMarin completed its $14.50/sh acquisition of Amicus in Apr 2026 and FOLD was delisted, so approval-window price data is unavailable on Yahoo"
D185,Novo Nordisk,NVO,NYSE (ADR),Rivfloza,nedosiran,Approval,2023-09-29,Primary hyperoxaluria type 1,Standard,https://www.accessdata.fda.gov/drugsatfda_docs/label/2023/215842s000lbl.pdf,https://www.fda.gov/drugs/novel-drug-approvals-fda/novel-drug-approvals-2023,Verified,
D186,Pfizer,PFE,NYSE,Velsipity,etrasimod,Approval,2023-10-12,Moderately to severely active ulcerative colitis,Standard,https://www.accessdata.fda.gov/drugsatfda_docs/label/2023/216956s000lbl.pdf,https://www.fda.gov/drugs/novel-drug-approvals-fda/novel-drug-approvals-2023,Verified,
D187,UCB,UCB.BR,Euronext Brussels; no US ticker,Bimzelx,bimekizumab-bkzx,Approval,2023-10-17,Moderate to severe plaque psoriasis,Standard,https://www.accessdata.fda.gov/drugsatfda_docs/label/2023/761151s000lbl.pdf,https://www.fda.gov/drugs/novel-drug-approvals-fda/novel-drug-approvals-2023,Verified - foreign listing only,"UCB received two novel drug approvals the same day (Zilbrysq and Bimzelx, Oct 17 2023)"
D188,UCB,UCB.BR,Euronext Brussels; no US ticker,Zilbrysq,zilucoplan,Approval,2023-10-17,Generalized myasthenia gravis,Standard,https://www.accessdata.fda.gov/drugsatfda_docs/label/2023/216834s000lbl.pdf,https://www.fda.gov/drugs/novel-drug-approvals-fda/novel-drug-approvals-2023,Verified - foreign listing only,"UCB received two novel drug approvals the same day (Zilbrysq and Bimzelx, Oct 17 2023)"
D189,Catalyst Pharmaceuticals,CPRX,NASDAQ,Agamree,vamorolone,Approval,2023-10-26,Duchenne muscular dystrophy,Standard,https://www.accessdata.fda.gov/drugsatfda_docs/label/2023/215239s000lbl.pdf,https://www.fda.gov/drugs/novel-drug-approvals-fda/novel-drug-approvals-2023,Verified - FLAGGED IRREGULARITY,"Vamorolone in-licensed from Santhera Pharmaceuticals; Catalyst remains listed (Angelini Pharma acquisition pending 2026) but Yahoo's daily series does not extend back to Oct 2023, so approval-window price data could not be verified"
D190,Eli Lilly and Company,LLY,NYSE,Omvoh,mirikizumab-mrkz,Approval,2023-10-26,Ulcerative colitis,Standard,https://www.accessdata.fda.gov/drugsatfda_docs/label/2023/761279s000lbl.pdf,https://www.fda.gov/drugs/novel-drug-approvals-fda/novel-drug-approvals-2023,Verified,
D191,Coherus BioSciences (now Coherus Oncology) with partner Junshi Biosciences,CHRS,NASDAQ,Loqtorzi,toripalimab-tpzi,Approval,2023-10-27,Recurrent/metastatic nasopharyngeal carcinoma,Priority,https://www.accessdata.fda.gov/drugsatfda_docs/label/2023/761240s000lbl.pdf,https://www.fda.gov/drugs/novel-drug-approvals-fda/novel-drug-approvals-2023,Verified,US applicant Coherus; originator Junshi Biosciences (HKEX/SSE:1877) co-developed
D192,Takeda Pharmaceutical Company,TAK,NYSE (ADR),Fruzaqla,fruquintinib,Approval,2023-11-08,Refractory metastatic colorectal cancer,Priority,https://www.accessdata.fda.gov/drugsatfda_docs/label/2023/217564s000lbl.pdf,https://www.fda.gov/drugs/novel-drug-approvals-fda/novel-drug-approvals-2023,Verified,US rights in-licensed from HUTCHMED (NASDAQ/AIM:HCM)
D193,Bristol Myers Squibb,BMY,NYSE,Augtyro,repotrectinib,Approval,2023-11-15,ROS1-positive non-small cell lung cancer,Priority,https://www.accessdata.fda.gov/drugsatfda_docs/label/2023/218213s000lbl.pdf,https://www.fda.gov/drugs/novel-drug-approvals-fda/novel-drug-approvals-2023,Verified,Repotrectinib added to BMS via Turning Point Therapeutics acquisition (2022)
D194,CorMedix,CRMD,NYSE American,Defencath,taurolidine and heparin,Approval,2023-11-15,Catheter-related bloodstream infection prevention (hemodialysis),Priority,https://www.accessdata.fda.gov/drugsatfda_docs/label/2023/214520s000lbl.pdf,https://www.fda.gov/drugs/novel-drug-approvals-fda/novel-drug-approvals-2023,Verified,
D195,Evive Biotechnology (private),NO_TICKER,N/A,Ryzneuta,efbemalenograstim alfa-vuxw,Approval,2023-11-16,Neutropenia,Standard,https://www.accessdata.fda.gov/drugsatfda_docs/label/2023/761134s000lbl.pdf,https://www.fda.gov/drugs/novel-drug-approvals-fda/novel-drug-approvals-2023,Verified - no public ticker,Evive Biotechnology is privately held (a subsidiary of Yifan Pharmaceutical)
D196,AstraZeneca,AZN,NASDAQ (ADR),Truqap,capivasertib,Approval,2023-11-16,"Breast cancer (HR+/HER2-, AKT pathway-altered)",Priority,https://www.accessdata.fda.gov/drugsatfda_docs/label/2023/218197s000lbl.pdf,https://www.fda.gov/drugs/novel-drug-approvals-fda/novel-drug-approvals-2023,Verified,
D197,"SpringWorks Therapeutics (at approval; later acquired by Merck KGaA, closed Jul 2025)",SWTX,"formerly NASDAQ:SWTX, delisted Jul 2025",Ogsiveo,nirogacestat,Approval,2023-11-27,Progressing desmoid tumors,Priority,https://www.accessdata.fda.gov/drugsatfda_docs/label/2023/217677s000lbl.pdf,https://www.fda.gov/drugs/novel-drug-approvals-fda/novel-drug-approvals-2023,Verified - FLAGGED IRREGULARITY,"SpringWorks independent at approval; acquired by Merck KGaA ($47/sh, ~$3.9B, closed Jul 1 2025); SWTX delisted so approval-window price data is unavailable on Yahoo"
D198,Novartis AG,NVS,NYSE,Fabhalta,iptacopan,Approval,2023-12-05,Paroxysmal nocturnal hemoglobinuria,Standard,https://www.accessdata.fda.gov/drugsatfda_docs/label/2023/218276s000lbl.pdf,https://www.fda.gov/drugs/novel-drug-approvals-fda/novel-drug-approvals-2023,Verified,
D199,"Chiesi Farmaceutici (current holder, private) / Amryt Pharma (applicant at approval)",NO_TICKER,N/A,Filsuvez,birch triterpenes,Approval,2023-12-18,Wounds associated with dystrophic/junctional epidermolysis bullosa,Priority,https://www.accessdata.fda.gov/drugsatfda_docs/label/2023/215064s000lbl.pdf,https://www.fda.gov/drugs/novel-drug-approvals-fda/novel-drug-approvals-2023,Verified - no public ticker,"Amryt was the applicant (Priority Review Voucher granted per approval letter); Amryt acquired by Chiesi in 2023 - both private at/after approval, no listed equity"
D200,AstraZeneca (current holder per openFDA) / Ionis Pharmaceuticals (applicant at approval),IONS,NASDAQ (Ionis proxy),Wainua,eplontersen,Approval,2023-12-21,Polyneuropathy of hereditary transthyretin-mediated amyloidosis,Standard,https://www.accessdata.fda.gov/drugsatfda_docs/label/2023/217388s000lbl.pdf,https://www.fda.gov/drugs/novel-drug-approvals-fda/novel-drug-approvals-2023,Verified,Ionis was the US applicant at approval; eplontersen license later held by AstraZeneca AB per openFDA; IONS used for the approval reaction
