ticker,company,decision_date,decision_type,close_before,date_before,close_on_or_after,date_on_or_after,close_few_days_later,date_few_days_later,pct_change_on_decision,source_url,verification_status,notes
LGND,Ligand Pharmaceuticals,2024-01-05,Approval,70.36,2024-01-04,70.83,2024-01-05,74.35,2024-01-08,0.67,https://query1.finance.yahoo.com/v8/finance/chart/LGND,Verified,
MDGL,Madrigal Pharmaceuticals,2024-03-14,Approval (Accelerated),262.67,2024-03-13,272.98,2024-03-14,243.57,2024-03-15,3.93,https://query1.finance.yahoo.com/v8/finance/chart/MDGL,Verified,First MASH approval; some retracement next day likely profit-taking
MRK,Merck & Co.,2024-03-26,Approval,123.85,2024-03-25,125.31,2024-03-26,125.52,2024-03-27,1.18,https://query1.finance.yahoo.com/v8/finance/chart/MRK,Verified,Winrevair approval; muted move given MRK's size
AKBA,Akebia Therapeutics,2024-03-27,Approval,2.17,2024-03-26,2.21,2024-03-27,2.0,2024-03-28,1.84,https://query1.finance.yahoo.com/v8/finance/chart/AKBA,Verified,Vafseo approval
INVA,Innoviva,2024-04-03,Approval,15.21,2024-04-02,14.8,2024-04-03,14.81,2024-04-04,-2.7,https://query1.finance.yahoo.com/v8/finance/chart/INVA,Verified,Zevtera approval (3 indications)
IBRX,ImmunityBio,2024-04-22,Approval,5.24,2024-04-19,5.27,2024-04-22,4.94,2024-04-23,0.57,https://query1.finance.yahoo.com/v8/finance/chart/IBRX,Verified,Anktiva approval
DAWN,Day One Biopharmaceuticals,2024-04-23,Approval (Accelerated),,,,,,,,https://query1.finance.yahoo.com/v8/finance/chart/DAWN,Data unavailable - acquired/delisted,"DAWN was acquired by Servier and delisted April 23, 2026; Yahoo Finance chart API no longer serves historical data for delisted tickers under old symbol. Flagged for manual archive lookup (e.g. SEC EDGAR historical filings) if 2024 price needed."
XFOR,X4 Pharmaceuticals,2024-04-26,Approval,36.9,2024-04-25,38.7,2024-04-26,33.9,2024-04-29,4.88,https://query1.finance.yahoo.com/v8/finance/chart/XFOR,Verified - price scale caveat,X4 executed a 1-for-20 reverse stock split in Nov 2024; these 2024-04 prices from Yahoo appear to be split-adjusted retroactively (actual contemporaneous trading price was likely ~$1.75-2.00/share pre-split). Flagged for manual reconciliation.
AMGN,Amgen,2024-05-16,Approval (Accelerated),311.41,2024-05-15,319.04,2024-05-16,314.72,2024-05-17,2.45,https://query1.finance.yahoo.com/v8/finance/chart/AMGN,Verified,Imdelltra approval
GERN,Geron Corporation,2024-06-06,Approval,3.99,2024-06-05,4.0,2024-06-06,3.89,2024-06-07,0.25,https://query1.finance.yahoo.com/v8/finance/chart/GERN,Verified,Rytelo approval
VRNA,Verona Pharma,2024-06-26,Approval,,,,,,,,https://www.investing.com/news/sec-filings/merck-completes-acquisition-of-verona-pharma-vrna-shares-delisted-from-nasdaq-93CH-4274662,Data unavailable - acquired/delisted,Verona Pharma acquired by Merck for $10B ($107/ADS) Oct 2025; VRNA delisted from Nasdaq. Yahoo Finance no longer serves 2024 historical data under this symbol. Flagged for manual archive lookup.
LLY,Eli Lilly and Company,2024-07-02,Approval,905.38,2024-07-01,914.37,2024-07-02,906.71,2024-07-03,0.99,https://query1.finance.yahoo.com/v8/finance/chart/LLY,Verified,Kisunla approval
BMY,Bristol Myers Squibb,2024-09-26,Approval,50.94,2024-09-25,49.95,2024-09-26,50.12,2024-09-27,-1.94,https://query1.finance.yahoo.com/v8/finance/chart/BMY,Verified,Cobenfy approval; slight dip possibly unrelated market noise
ZVRA,Zevra Therapeutics,2024-09-20,Approval,7.83,2024-09-19,8.02,2024-09-20,8.06,2024-09-23,2.43,https://query1.finance.yahoo.com/v8/finance/chart/ZVRA,Verified,Miplyffa approval
JNJ,Johnson & Johnson,2024-08-19,Approval,159.09,2024-08-14,159.39,2024-08-19,,,0.19,https://query1.finance.yahoo.com/v8/finance/chart/JNJ,Verified - approx window,Lazcluze approval; JNJ is large-cap so isolated stock impact expected to be minimal
INCY,Incyte Corporation,2024-08-14,Approval,60.29,2024-08-07,61.12,2024-08-14,,,1.38,https://query1.finance.yahoo.com/v8/finance/chart/INCY,Verified,Niktimvo approval
GILD,Gilead Sciences,2024-08-14,Approval (Accelerated),74.0,2024-08-07,72.99,2024-08-14,,,-1.36,https://query1.finance.yahoo.com/v8/finance/chart/GILD,Verified,Livdelzi approval
ASND,Ascendis Pharma,2024-08-09,Approval,132.26,2024-08-02,139.66,2024-08-09,,,5.6,https://query1.finance.yahoo.com/v8/finance/chart/ASND,Verified,Yorvipath approval
SWTX,SpringWorks Therapeutics,2025-02-11,Approval,,,,,,,,https://stockanalysis.com/stocks/swtx/,Data unavailable - acquired/delisted,"SpringWorks acquired by Merck KGaA ($47/share, $3.9B) closed July 1 2025; SWTX delisted from Nasdaq. Yahoo Finance no longer serves historical data under this symbol for the Feb 2025 approval date."
SNY,Sanofi,2025-03-28,Approval,56.9,2025-03-21,54.5,2025-03-28,,,-4.22,https://query1.finance.yahoo.com/v8/finance/chart/SNY,Verified,Qfitlia approval
GSK,GSK plc,2025-03-25,Approval,40.39,2025-03-18,39.24,2025-03-25,,,-2.85,https://query1.finance.yahoo.com/v8/finance/chart/GSK,Verified,Blujepa approval
NVS,Novartis AG,2025-04-02,Approval (Accelerated),109.61,2025-03-31,111.48,2025-04-02,,,1.71,https://query1.finance.yahoo.com/v8/finance/chart/NVS,Verified,Vanrafia approval
JNJ,Johnson & Johnson,2025-04-29,Approval,157.75,2025-04-22,155.35,2025-04-29,,,-1.52,https://query1.finance.yahoo.com/v8/finance/chart/JNJ,Verified,"Imaavy approval (second JNJ entry, joined by ticker+decision_date)"
ABBV,AbbVie,2025-05-14,Approval (Accelerated),188.09,2025-05-07,188.0,2025-05-14,,,-0.05,https://query1.finance.yahoo.com/v8/finance/chart/ABBV,Verified,Emrelis approval
VSTM,Verastem Oncology,2025-05-08,Approval (Accelerated),7.43,2025-05-01,6.53,2025-05-08,,,-12.11,https://query1.finance.yahoo.com/v8/finance/chart/VSTM,Verified,Avmapki Fakzynja Co-Pack approval; decline may reflect prior run-up/sell-the-news
ALC,Alcon Inc.,2025-05-28,Approval,87.54,2025-05-21,85.38,2025-05-28,,,-2.47,https://query1.finance.yahoo.com/v8/finance/chart/ALC,Verified,Tryptyr approval
NUVB,Nuvation Bio,2025-06-11,Approval,2.45,2025-06-04,2.53,2025-06-11,,,3.27,https://query1.finance.yahoo.com/v8/finance/chart/NUVB,Verified,Ibtrozi approval
MRK,Merck & Co.,2025-06-09,Approval,82.81,2025-06-02,81.53,2025-06-09,,,-1.55,https://query1.finance.yahoo.com/v8/finance/chart/MRK,Verified,"Enflonsia approval (second MRK entry, joined by ticker+decision_date)"
INVA,Innoviva,2025-12-12,Approval,20.62,2025-12-11,20.63,2025-12-12,20.14,2025-12-15,0.05,https://query1.finance.yahoo.com/v8/finance/chart/INVA,Verified,"Nuzolvence approval (second INVA entry, joined by ticker+decision_date)"
REGN,Regeneron Pharmaceuticals,2025-07-02,Approval (Accelerated),534.91,2025-07-01,547.74,2025-07-02,547.36,2025-07-03,2.4,https://query1.finance.yahoo.com/v8/finance/chart/REGN,Verified,Lynozyfic approval
NVS,Novartis AG,2025-09-30,Approval,124.1,2025-09-29,128.24,2025-09-30,131.72,2025-10-01,3.34,https://query1.finance.yahoo.com/v8/finance/chart/NVS,Verified,Rhapsido approval
CRNX,Crinetics Pharmaceuticals,2025-09-25,Approval,,,,,,,,https://investors.vrtx.com/news-releases/news-release-details/vertex-completes-acquisition-crinetics-pharmaceuticals-and,Data unavailable - acquired/delisted,"Crinetics acquired by Vertex Pharmaceuticals ($85/sh, ~$10B, closed Sep 1 2026); CRNX delisted and Yahoo Finance no longer serves the Sep 2025 approval-window series. Flagged for manual archive lookup."
LLY,Eli Lilly and Company,2025-09-25,Approval,741.85,2025-09-24,714.59,2025-09-25,724.54,2025-09-26,-3.67,https://query1.finance.yahoo.com/v8/finance/chart/LLY,Verified - caveat,Inluriyo approval; LLY fell 3.7% on the day but the decline appears driven by broader same-day news rather than the approval itself - flagged for manual review of causality
MITO,Stealth BioTherapeutics,2025-09-19,Approval,,,,,,,,https://www.stocktitan.net/overview/MITO/,Data unavailable - went private pre-approval,"Stealth BioTherapeutics went private via merger in Jan 2023, delisting MITO from Nasdaq; FORZINITY approval (Sept 2025) therefore occurred while privately held. No public share price exists for this decision date."
MRK,Merck & Co.,2025-09-19,Approval,82.81,2025-09-12,,,,,,https://query1.finance.yahoo.com/v8/finance/chart/MRK,Verified - partial,"Keytruda Qlex subcutaneous approval (third MRK entry, joined by ticker+decision_date)"
SNY,Sanofi,2025-08-29,Approval,51.35,2025-08-22,45.33,2025-08-29,,,-11.72,https://query1.finance.yahoo.com/v8/finance/chart/SNY,Verified - caveat,"Wayrilz approval (second SNY entry, joined by ticker+decision_date); large drop appears driven by broader stock-specific news around Aug 29, not necessarily the approval - flagged for manual review of causality"
IONS,Ionis Pharmaceuticals,2025-08-21,Approval,42.85,2025-08-14,42.81,2025-08-21,,,-0.09,https://query1.finance.yahoo.com/v8/finance/chart/IONS,Verified,Dawnzera approval (second IONS entry)
INSM,Insmed Incorporated,2025-08-12,Approval,111.61,2025-08-05,112.89,2025-08-12,,,1.15,https://query1.finance.yahoo.com/v8/finance/chart/INSM,Verified,Brinsupri approval
CMRX,Chimerix Incorporated,2025-08-06,Approval (Accelerated),,,,,,,,https://stockanalysis.com/stocks/cmrx/,Data unavailable - acquired/delisted,"Chimerix acquired by Jazz Pharmaceuticals ($8.55/share, $935M) closed April 2025; CMRX delisted from Nasdaq BEFORE the Aug 6 2025 Modeyso approval. Approval occurred while Chimerix was a Jazz Pharmaceuticals subsidiary - see JAZZ ticker for any related market impact instead."
LENZ,LENZ Therapeutics,2025-07-31,Approval,33.4,2025-07-24,30.76,2025-07-31,,,-7.9,https://query1.finance.yahoo.com/v8/finance/chart/LENZ,Verified,Vizz approval
PTCT,PTC Therapeutics,2025-07-28,Approval,47.86,2025-07-21,44.74,2025-07-28,,,-6.52,https://query1.finance.yahoo.com/v8/finance/chart/PTCT,Verified,Sephience approval
KALV,KalVista Pharmaceuticals,2025-07-03,Approval,,,,,,,,https://www.tipranks.com/news/company-announcements/chiesi-group-completes-acquisition-of-kalvista-pharmaceuticals,Data unavailable - acquired/delisted,"KalVista later acquired by Chiesi Group for $27/share, completed June 11 2026; KALV delisted. Yahoo Finance chart API for this ticker now only returns flat $27 post-acquisition data, no historical July 2025 prices retrievable. Flagged for manual archive lookup."
KURA,Kura Oncology,2025-11-13,Approval (Accelerated),,2025-11-06,10.16,2025-11-13,,,,https://query1.finance.yahoo.com/v8/finance/chart/KURA,Verified - partial,Beqalzi approval
ARWR,Arrowhead Pharmaceuticals,2025-11-18,Approval,41.5,2025-11-11,40.15,2025-11-18,,,-3.25,https://query1.finance.yahoo.com/v8/finance/chart/ARWR,Verified,Redemplo approval
MIST,Milestone Pharmaceuticals,2025-12-12,Approval,2.68,2025-12-05,2.95,2025-12-12,,,10.07,https://query1.finance.yahoo.com/v8/finance/chart/MIST,Verified,"Cardamyst approval; note steep subsequent decline to ~$1.00 by mid-2026 (unrelated commercial launch concerns, not part of this approval-day snapshot)"
GSK,GSK plc,2025-12-16,Approval,47.27,2025-12-09,49.24,2025-12-16,,,4.17,https://query1.finance.yahoo.com/v8/finance/chart/GSK,Verified,"Exdensur approval (second GSK entry, joined by ticker+decision_date)"
CYTK,Cytokinetics Incorporated,2025-12-19,Approval,63.35,2025-12-12,62.2,2025-12-19,,,-1.82,https://query1.finance.yahoo.com/v8/finance/chart/CYTK,Verified,Myqorzo approval
OMER,Omeros Corporation,2025-12-23,Approval,8.77,2025-12-16,9.51,2025-12-23,,,8.44,https://query1.finance.yahoo.com/v8/finance/chart/OMER,Verified,"Yartemlea approval; note huge subsequent spike to $15-17 within days, likely additional catalyst beyond approval alone - flagged for manual review"
FBIO,Fortress Biotech,2026-01-13,Approval,4.21,2026-01-06,4.2,2026-01-13,,,-0.24,https://query1.finance.yahoo.com/v8/finance/chart/FBIO,Verified,Zycubo approval via Cyprium subsidiary; muted move
SPRO,Spero Therapeutics,2026-06-17,Approval,2.54,2026-06-10,,2026-06-17,,,,https://query1.finance.yahoo.com/v8/finance/chart/SPRO,Verified - partial,"Utebzi approval (GSK-marketed); note steep subsequent decline to ~$1.13 by Sept 2026, unrelated later catalyst - flagged for manual review"
DNLI,Denali Therapeutics,2026-03-24,Approval (Accelerated),20.71,2026-03-17,21.09,2026-03-24,,,1.83,https://query1.finance.yahoo.com/v8/finance/chart/DNLI,Verified,Avlayah approval
ONC,BeOne Medicines,2026-05-13,Approval (Accelerated),313.32,2026-05-06,315.07,2026-05-13,,,0.56,https://query1.finance.yahoo.com/v8/finance/chart/ONC,Verified,Beqalzi (sonrotoclax) approval (second ONC entry)
TAK,Takeda Pharmaceutical,2026-08-05,Approval,17.75,2026-07-29,16.56,2026-08-05,,,-6.7,https://query1.finance.yahoo.com/v8/finance/chart/TAK,Verified,Orzeyful approval
RVMD,Revolution Medicines,2026-08-26,Approval,214.66,2026-08-19,211.38,2026-08-26,,,-1.53,https://query1.finance.yahoo.com/v8/finance/chart/RVMD,Verified,Rasonque approval
ROIV,Roivant Sciences,2026-08-27,Approval,36.84,2026-08-19,36.75,2026-08-27,,,-0.24,https://query1.finance.yahoo.com/v8/finance/chart/ROIV,Verified,Lisraya approval
PTGX,Protagonist Therapeutics,2026-08-28,Approval,154.32,2026-08-19,149.5,2026-08-28,,,-3.12,https://query1.finance.yahoo.com/v8/finance/chart/PTGX,Verified,Mimrylo approval
VNDA,Vanda Pharmaceuticals,2026-02-20,Approval,6.09,2026-02-13,5.76,2026-02-20,,,-5.42,https://query1.finance.yahoo.com/v8/finance/chart/VNDA,Verified,"Bysanti approval; note large subsequent spike to ~$8.60, likely additional catalyst beyond approval - flagged for manual review"
ASND2,Ascendis Pharma,2026-02-27,Approval (Accelerated),225.0,2026-02-20,228.99,2026-02-27,,,1.77,https://query1.finance.yahoo.com/v8/finance/chart/ASND,Verified,Yuviwel approval (second ASND entry)
CAPR,Capricor Therapeutics,2025-07-01,CRL,12.38,2025-06-24,8.26,2025-07-01,7.68,2025-07-08,-33.28,https://query1.finance.yahoo.com/v8/finance/chart/CAPR,Verified,Deramiocel CRL; ~33% single-day decline confirmed by Yahoo Finance price data
ALDX,Aldeyra Therapeutics,2026-03-17,CRL,5.01,2026-03-10,1.24,2026-03-17,1.42,2026-03-18,-75.25,https://query1.finance.yahoo.com/v8/finance/chart/ALDX,Verified,"Reproxalap 3rd CRL; confirmed ~75% single-day collapse per Yahoo Finance price data (larger than earlier press estimate of 70.7%, likely due to differing close-vs-close windows)"
RGNX,REGENXBIO,2026-02-07,CRL,10.78,2026-01-31,10.26,2026-02-07,10.33,2026-02-09,-4.82,https://query1.finance.yahoo.com/v8/finance/chart/RGNX,Verified,"RGX-121 CRL; note the largest drop (10.33->8.85) occurred a few days later (~Feb 12), likely when fuller CRL details were disclosed - flagged for manual review of exact disclosure timeline"
OTLK,Outlook Therapeutics,2025-12-31,CRL,1.83,2025-12-24,1.58,2025-12-31,0.66,2026-01-02,-63.93,https://query1.finance.yahoo.com/v8/finance/chart/OTLK,Verified,ONS-5010/Lytenava 3rd CRL; confirmed ~64% decline by next trading session per Yahoo Finance
GRCE,Grace Therapeutics,2026-04-23,CRL,4.49,2026-04-16,4.31,2026-04-23,2.35,2026-04-24,-4.01,https://query1.finance.yahoo.com/v8/finance/chart/GRCE,Verified,GTx-104 CRL; confirmed ~48% decline day after disclosure per Yahoo Finance
MRK,"Merck & Co., Inc.",2021-01-19,Approval,79.56,2021-01-15,79.38,2021-01-19,78.68,2021-01-20,-0.23,https://query1.finance.yahoo.com/v8/finance/chart/MRK,Verified,"FDA action date 01/19/2021 per Drugs@FDA (NDA 214377, PRIORITY, Type 1 NME)"
GSK,GSK plc,2021-01-21,Approval,38.02,2021-01-20,37.78,2021-01-21,38.36,2021-01-22,-0.63,https://query1.finance.yahoo.com/v8/finance/chart/GSK,Verified,
AUPH,Aurinia Pharmaceuticals Inc.,2021-01-22,Approval,15.19,2021-01-21,18.73,2021-01-22,17.62,2021-01-25,23.3,https://query1.finance.yahoo.com/v8/finance/chart/AUPH,Verified,
MRK.DE,Merck KGaA (EMD Serono),2021-02-03,Approval (Accelerated),142.75,2021-02-02,141.75,2021-02-03,142.45,2021-02-04,-0.7,https://query1.finance.yahoo.com/v8/finance/chart/MRK.DE,Verified,Prices in EUR (Xetra listing MRK.DE); Native currency EUR
TGTX,"TG Therapeutics, Inc.",2021-02-05,Approval (Accelerated),48.53,2021-02-04,54.3,2021-02-05,52.43,2021-02-08,11.89,https://query1.finance.yahoo.com/v8/finance/chart/TGTX,Verified,TG Therapeutics later voluntarily withdrew Ukoniq (April 2022) - see master notes
REGN,"Regeneron Pharmaceuticals, Inc.",2021-02-11,Approval,491.22,2021-02-10,490.54,2021-02-11,485.62,2021-02-12,-0.14,https://query1.finance.yahoo.com/v8/finance/chart/REGN,Verified,
GTHX,G1 Therapeutics,2021-02-12,Approval,,,,,,,,https://query1.finance.yahoo.com/v8/finance/chart/GTHX,Data unavailable - acquired/delisted,"GTHX delisted (G1 Therapeutics acquired by Pharmacosmos, closed Sep 2024); Yahoo historical series unavailable"
SRPT,"Sarepta Therapeutics, Inc.",2021-02-25,Approval (Accelerated),84.29,2021-02-24,85.25,2021-02-25,87.06,2021-02-26,1.14,https://query1.finance.yahoo.com/v8/finance/chart/SRPT,Verified,
IDIA.SW,Idorsia Ltd,2022-01-07,Approval,19.78,2022-01-06,19.38,2022-01-07,19.29,2022-01-10,-2.02,https://query1.finance.yahoo.com/v8/finance/chart/IDIA.SW,Verified,"FDA action date Jan 7 2022 per Drugs@FDA (NDA 214985, STANDARD); DEA scheduling delayed US launch (FR notice Apr 7 2022); Native currency CHF"
PFE,Pfizer Inc.,2022-01-14,Approval,55.54,2022-01-13,54.95,2022-01-14,54.11,2022-01-18,-1.06,https://query1.finance.yahoo.com/v8/finance/chart/PFE,Verified,
IMCR,Immunocore Holdings plc,2022-01-25,Approval,21.63,2022-01-24,21.93,2022-01-25,23.58,2022-01-26,1.39,https://query1.finance.yahoo.com/v8/finance/chart/IMCR,Verified,FDA action date Jan 25 2022; the +7.5% move came the following trading day (Jan 26)
RHHBY,Roche Holding AG,2022-01-28,Approval,47.7,2022-01-27,48.31,2022-01-28,48.59,2022-01-31,1.28,https://query1.finance.yahoo.com/v8/finance/chart/RHHBY,Verified,
SNY,Sanofi,2022-02-04,Approval,52.46,2022-02-03,52.08,2022-02-04,53.05,2022-02-07,-0.72,https://query1.finance.yahoo.com/v8/finance/chart/SNY,Verified,
AGIO,"Agios Pharmaceuticals, Inc.",2022-02-17,Approval,31.07,2022-02-16,29.46,2022-02-17,29.42,2022-02-18,-5.18,https://query1.finance.yahoo.com/v8/finance/chart/AGIO,Verified,
CTIC,CTI BioPharma,2022-02-28,Approval (Accelerated),,,,,,,,https://query1.finance.yahoo.com/v8/finance/chart/CTIC,Data unavailable - acquired/delisted,"CTIC delisted (CTI BioPharma acquired by Sobi, closed 2023); Yahoo historical series unavailable"
BMY,Bristol-Myers Squibb Company,2022-03-18,Approval,70.52,2022-03-17,71.02,2022-03-18,71.05,2022-03-21,0.71,https://query1.finance.yahoo.com/v8/finance/chart/BMY,Verified,
MRNS,Marinus Pharmaceuticals,2022-03-18,Approval,,,,,,,,https://query1.finance.yahoo.com/v8/finance/chart/MRNS,Data unavailable - acquired/delisted,"MRNS delisted (Marinus acquired by Immedica Pharma, delisted Feb 2025); Yahoo historical series unavailable"
NVS,Novartis AG,2022-03-23,Approval,85.91,2022-03-22,86.64,2022-03-23,86.86,2022-03-24,0.85,https://query1.finance.yahoo.com/v8/finance/chart/NVS,Verified,
BMY,Bristol-Myers Squibb Company,2022-04-28,Approval,75.81,2022-04-27,77.2,2022-04-28,75.27,2022-04-29,1.83,https://query1.finance.yahoo.com/v8/finance/chart/BMY,Verified,
PHAT,"Phathom Pharmaceuticals, Inc.",2022-05-03,Approval,13.96,2022-05-02,14.63,2022-05-03,13.65,2022-05-04,4.8,https://query1.finance.yahoo.com/v8/finance/chart/PHAT,Verified,
LLY,Eli Lilly and Company,2022-05-13,Approval,291.8,2022-05-12,291.63,2022-05-13,299.38,2022-05-16,-0.06,https://query1.finance.yahoo.com/v8/finance/chart/LLY,Verified,
ROIV,Roivant Sciences Ltd. (Dermavant was Roivant sub at approval),2022-05-23,Approval,3.7,2022-05-20,3.65,2022-05-23,3.91,2022-05-24,-1.35,https://query1.finance.yahoo.com/v8/finance/chart/ROIV,Verified,
ALNY,"Alnylam Pharmaceuticals, Inc.",2022-06-13,Approval,132.11,2022-06-10,127.7,2022-06-13,133.52,2022-06-14,-3.34,https://query1.finance.yahoo.com/v8/finance/chart/ALNY,Verified,
SNY,Sanofi,2022-08-31,Approval,41.24,2022-08-30,41.03,2022-08-31,40.4,2022-09-01,-0.51,https://query1.finance.yahoo.com/v8/finance/chart/SNY,Verified,
RVNC,Revance Therapeutics,2022-09-07,Approval,,,,,,,,https://query1.finance.yahoo.com/v8/finance/chart/RVNC,Data unavailable - acquired/delisted,"RVNC delisted (Revance acquired by Crown Laboratories, closed Feb 2025); Yahoo historical series unavailable"
SPPI,Spectrum Pharmaceuticals,2022-09-09,Approval,,,,,,,,https://query1.finance.yahoo.com/v8/finance/chart/SPPI,Data unavailable - acquired/delisted,"SPPI delisted (Spectrum acquired by Assertio Holdings, closed 2023); Yahoo historical series unavailable"
BMY,Bristol-Myers Squibb Company,2022-09-09,Approval,69.38,2022-09-08,70.16,2022-09-09,72.36,2022-09-12,1.12,https://query1.finance.yahoo.com/v8/finance/chart/BMY,Verified,
MNK,Mallinckrodt Pharmaceuticals,2022-09-14,Approval,,,,,,,,https://query1.finance.yahoo.com/v8/finance/chart/MNK,Data unavailable - acquired/delisted,Mallinckrodt second Chapter 11 (Aug 2023) cancelled equity; NYSE trading suspended; Yahoo series unavailable
GBT.PA,Guerbet SA,2022-09-21,Approval,17.3,2022-09-20,17.46,2022-09-21,17.2,2022-09-22,0.92,https://query1.finance.yahoo.com/v8/finance/chart/GBT.PA,Verified,Prices in EUR (Euronext Paris GBT.PA); Native currency EUR
4536.T,"Santen Pharmaceutical Co., Ltd.",2022-09-22,Approval,982,2022-09-21,964,2022-09-22,966,2022-09-26,-1.83,https://query1.finance.yahoo.com/v8/finance/chart/4536.T,Verified,Prices in JPY (Tokyo listing 4536.T); Native currency JPY
AMLX,"Amylyx Pharmaceuticals, Inc.",2022-09-29,Approval,29.23,2022-09-28,30.19,2022-09-29,28.15,2022-09-30,3.28,https://query1.finance.yahoo.com/v8/finance/chart/AMLX,Verified,
4578.T,"Otsuka Holdings Co., Ltd. (Taiho)",2022-09-30,Approval (Accelerated),4587,2022-09-29,4584,2022-09-30,4586,2022-10-03,-0.07,https://query1.finance.yahoo.com/v8/finance/chart/4578.T,Verified,"Prices in JPY (Tokyo listing 4578.T, Otsuka Holdings); Native currency JPY"
AZN,AstraZeneca PLC,2022-10-21,Approval,108.7,2022-10-20,109.94,2022-10-21,110.36,2022-10-24,1.14,https://query1.finance.yahoo.com/v8/finance/chart/AZN,Verified,
JNJ,Johnson & Johnson,2022-10-25,Approval (Accelerated),170.98,2022-10-24,170.71,2022-10-25,172.21,2022-10-26,-0.16,https://query1.finance.yahoo.com/v8/finance/chart/JNJ,Verified,
IMGN,ImmunoGen,2022-11-14,Approval (Accelerated),,,,,,,,https://query1.finance.yahoo.com/v8/finance/chart/IMGN,Data unavailable - acquired/delisted,"IMGN delisted (ImmunoGen acquired by AbbVie, closed Feb 12, 2024); Yahoo historical series unavailable"
PRVB,Provention Bio,2022-11-18,Approval,,,,,,,,https://query1.finance.yahoo.com/v8/finance/chart/PRVB,Data unavailable - acquired/delisted,"PRVB delisted (Provention Bio acquired by Sanofi, 2023); Yahoo historical series unavailable"
RIGL,"Rigel Pharmaceuticals, Inc.",2022-12-01,Approval,6.7,2022-11-30,6.8,2022-12-01,8.3,2022-12-02,1.49,https://query1.finance.yahoo.com/v8/finance/chart/RIGL,Verified,FDA action date Dec 1 2022; the +22% move came the following trading day (Dec 2)
MRTX,Mirati Therapeutics,2022-12-12,Approval (Accelerated),,,,,,,,https://query1.finance.yahoo.com/v8/finance/chart/MRTX,Data unavailable - acquired/delisted,"MRTX delisted (Mirati acquired by Bristol Myers Squibb, closed Jan 2024); Yahoo historical series unavailable"
RHHBY,Roche Holding AG,2022-12-22,Approval (Accelerated),39.93,2022-12-21,39.52,2022-12-22,39.39,2022-12-23,-1.03,https://query1.finance.yahoo.com/v8/finance/chart/RHHBY,Verified,
GILD,"Gilead Sciences, Inc.",2022-12-22,Approval,85.27,2022-12-21,85.28,2022-12-22,84.75,2022-12-23,0.01,https://query1.finance.yahoo.com/v8/finance/chart/GILD,Verified,
POL.L,Polarean Imaging plc,2022-12-23,Approval,,,,,,,,https://query1.finance.yahoo.com/v8/finance/chart/POL.L,Data unavailable - acquired/delisted,"Polarean Imaging delisted from AIM (Dec 2025), re-registered private; Yahoo series unavailable (traded POL.L, later POLX.L)"
TGTX,"TG Therapeutics, Inc.",2022-12-28,Approval,7.82,2022-12-27,8.46,2022-12-28,10.4,2022-12-29,8.18,https://query1.finance.yahoo.com/v8/finance/chart/TGTX,Verified,Briumvi approval; the larger move (+23%) came the trading day after approval (Dec 29)
MDWD,MediWound Ltd.,2022-12-28,Approval,11.56,2022-12-27,12.87,2022-12-28,13.38,2022-12-29,11.33,https://query1.finance.yahoo.com/v8/finance/chart/MDWD,Verified,
4523.T,"Eisai Co., Ltd.",2023-01-06,Approval (Accelerated),8121,2023-01-05,8147,2023-01-06,8541,2023-01-10,0.32,https://query1.finance.yahoo.com/v8/finance/chart/4523.T,Verified,Prices in JPY (Tokyo listing 4523.T). FDA accelerated approval announced Jan 6 2023 US time = after Tokyo close; first Tokyo session reflecting the news was Jan 10 (+4.8%); Native currency JPY
LLY,Eli Lilly and Company,2023-01-27,Approval (Accelerated),348.01,2023-01-26,342.1,2023-01-27,340.5,2023-01-30,-1.7,https://query1.finance.yahoo.com/v8/finance/chart/LLY,Verified,LLY reaction muted - mega-cap; approval pre-announced as likely after Phase 2 data
GSK,GSK plc,2023-02-01,Approval,35.26,2023-01-31,35.49,2023-02-01,35.13,2023-02-02,0.65,https://query1.finance.yahoo.com/v8/finance/chart/GSK,Verified,
TVTX,"Travere Therapeutics, Inc.",2023-02-17,Approval (Accelerated),20.3,2023-02-16,17.82,2023-02-17,21.3,2023-02-21,-12.22,https://query1.finance.yahoo.com/v8/finance/chart/TVTX,Verified,TVTX fell 12% on approval day (accelerated approval with boxed-warning label concerns); recovered above pre-approval level within 2 trading days
RETA,Reata Pharmaceuticals,2023-02-28,Approval,,,,,,,,https://query1.finance.yahoo.com/v8/finance/chart/RETA,Data unavailable - acquired/delisted,RETA delisted (Reata acquired by Biogen 2023); Yahoo historical series unavailable
PFE,Pfizer Inc.,2023-03-09,Approval,40.12,2023-03-08,39.46,2023-03-09,39.39,2023-03-10,-1.65,https://query1.finance.yahoo.com/v8/finance/chart/PFE,Verified,
ACAD,ACADIA Pharmaceuticals Inc.,2023-03-10,Approval,20.51,2023-03-09,20.37,2023-03-10,19.41,2023-03-13,-0.68,https://query1.finance.yahoo.com/v8/finance/chart/ACAD,Verified,ACAD slipped on approval day; ACADIA had run up ahead of the decision
CDTX,Cidara Therapeutics,2023-03-22,Approval,,,,,,,,https://query1.finance.yahoo.com/v8/finance/chart/CDTX,Data unavailable - acquired/delisted,"CDTX delisted (Cidara acquired by Merck & Co., closed Jan 7, 2026); Yahoo historical series unavailable"
INCY,Incyte Corporation,2023-03-22,Approval (Accelerated),73.49,2023-03-21,72.26,2023-03-22,72.26,2023-03-23,-1.67,https://query1.finance.yahoo.com/v8/finance/chart/INCY,Verified,
PHAR,Pharming Group N.V.,2023-03-24,Approval,11.27,2023-03-23,14.96,2023-03-24,12.26,2023-03-27,32.74,https://query1.finance.yahoo.com/v8/finance/chart/PHAR,Verified,FDA action date Mar 23 2023; the +32% move came the following trading day (Mar 24)
BIIB,Biogen Inc.,2023-04-25,Approval (Accelerated),293.03,2023-04-24,282.41,2023-04-25,288.04,2023-04-26,-3.62,https://query1.finance.yahoo.com/v8/finance/chart/BIIB,Verified,BIIB fell on approval day (post-approval 'sell the news' after months of amyloid-driven rally)
PLX,"Protalix BioTherapeutics, Inc.",2023-05-09,Approval,3.04,2023-05-08,2.92,2023-05-09,2.94,2023-05-10,-3.95,https://query1.finance.yahoo.com/v8/finance/chart/PLX,Verified,
4503.T,Astellas Pharma Inc.,2023-05-12,Approval,2102,2023-05-11,2129,2023-05-12,2176,2023-05-15,1.28,https://query1.finance.yahoo.com/v8/finance/chart/4503.T,Verified,Prices in JPY (Tokyo listing 4503.T). Approval announced May 12 2023 US time = after Tokyo close; Tokyo reaction visible May 15; Native currency JPY
BLCO,Bausch + Lomb Corporation,2023-05-18,Approval,19.51,2023-05-17,19.41,2023-05-18,19.46,2023-05-19,-0.51,https://query1.finance.yahoo.com/v8/finance/chart/BLCO,Verified,
GMAB,Genmab A/S,2023-05-19,Approval (Accelerated),40.68,2023-05-18,41.64,2023-05-19,42.37,2023-05-22,2.36,https://query1.finance.yahoo.com/v8/finance/chart/GMAB,Verified,
INVA,"Innoviva, Inc.",2023-05-23,Approval,13.64,2023-05-22,13.54,2023-05-23,13.24,2023-05-24,-0.73,https://query1.finance.yahoo.com/v8/finance/chart/INVA,Verified,
PFE,Pfizer Inc.,2023-05-25,Approval,38.63,2023-05-24,37.83,2023-05-25,37.6,2023-05-26,-2.07,https://query1.finance.yahoo.com/v8/finance/chart/PFE,Verified,
LNTH,"Lantheus Holdings, Inc.",2023-05-25,Approval,96.29,2023-05-24,97.85,2023-05-25,91.05,2023-05-26,1.62,https://query1.finance.yahoo.com/v8/finance/chart/LNTH,Verified,
LXRX,"Lexicon Pharmaceuticals, Inc.",2023-05-26,Approval,2.9,2023-05-25,3.18,2023-05-26,2.9,2023-05-30,9.66,https://query1.finance.yahoo.com/v8/finance/chart/LXRX,Verified,
RHHBY,Roche Holding AG,2023-06-15,Approval (Accelerated),38.09,2023-06-14,38.63,2023-06-15,39.0,2023-06-16,1.42,https://query1.finance.yahoo.com/v8/finance/chart/RHHBY,Verified,
PFE,Pfizer Inc.,2023-06-23,Approval,38.73,2023-06-22,38.3,2023-06-23,36.89,2023-06-26,-1.11,https://query1.finance.yahoo.com/v8/finance/chart/PFE,Verified,
UCB.BR,UCB SA,2023-06-26,Approval,83.68,2023-06-23,80.94,2023-06-26,79.5,2023-06-27,-3.27,https://query1.finance.yahoo.com/v8/finance/chart/UCB.BR,Verified,Prices in EUR (Euronext Brussels UCB.BR); Native currency EUR
PFE,Pfizer Inc.,2023-06-27,Approval,36.89,2023-06-26,36.42,2023-06-27,36.29,2023-06-28,-1.27,https://query1.finance.yahoo.com/v8/finance/chart/PFE,Verified,
AZN,AstraZeneca PLC,2023-07-17,Approval,134.76,2023-07-14,134.1,2023-07-17,133.54,2023-07-18,-0.49,https://query1.finance.yahoo.com/v8/finance/chart/AZN,Verified,
DSNKY,"Daiichi Sankyo Company, Limited",2023-07-20,Approval,28.63,2023-07-19,28.32,2023-07-20,28.66,2023-07-21,-1.08,https://query1.finance.yahoo.com/v8/finance/chart/DSNKY,Verified,OTC ADR (DSNKY) daily closes in USD; primary listing Tokyo 4568
TARS,"Tarsus Pharmaceuticals, Inc.",2023-07-25,Approval,23.99,2023-07-24,18.03,2023-07-25,19.87,2023-07-26,-24.84,https://query1.finance.yahoo.com/v8/finance/chart/TARS,Verified,TARS fell 25% on approval day despite approval (pricing/competitive concerns widely reported); partial recovery next day
ISEE,IVERIC bio,2023-08-04,Approval,,,,,,,,https://query1.finance.yahoo.com/v8/finance/chart/ISEE,Data unavailable - acquired/delisted,ISEE delisted (Iveric Bio acquired by Astellas Jul 2023); Yahoo historical series unavailable
BIIB,Biogen Inc.,2023-08-04,Approval,267.75,2023-08-03,268.92,2023-08-04,271.23,2023-08-07,0.44,https://query1.finance.yahoo.com/v8/finance/chart/BIIB,Verified,Approval covered postpartum depression only (major depressive disorder deferred); BIIB still rose modestly
JNJ,Johnson & Johnson,2023-08-09,Approval (Accelerated),173.18,2023-08-08,173.07,2023-08-09,172.17,2023-08-10,-0.06,https://query1.finance.yahoo.com/v8/finance/chart/JNJ,Verified,
PFE,Pfizer Inc.,2023-08-14,Approval (Accelerated),36.04,2023-08-11,36.07,2023-08-14,35.39,2023-08-15,0.08,https://query1.finance.yahoo.com/v8/finance/chart/PFE,Verified,
IPN.PA,Ipsen S.A.,2023-08-16,Approval,122.5,2023-08-15,121.4,2023-08-16,118.1,2023-08-17,-0.9,https://query1.finance.yahoo.com/v8/finance/chart/IPN.PA,Verified,Prices in EUR (Euronext Paris IPN.PA); Native currency EUR
REGN,"Regeneron Pharmaceuticals, Inc.",2023-08-18,Approval,796.73,2023-08-17,812.4,2023-08-18,844.37,2023-08-21,1.97,https://query1.finance.yahoo.com/v8/finance/chart/REGN,Verified,
BLRX,BioLineRx Ltd.,2023-09-08,Approval,86.8,2023-09-07,83.6,2023-09-08,81.2,2023-09-11,-3.69,https://query1.finance.yahoo.com/v8/finance/chart/BLRX,Verified,"BLRX series caveat: BioLineRx executed a reverse split after 2023, so Yahoo's retroactively-adjusted series is ~100x the contemporaneous traded price (~$0.9-1.0 in Sep 2023); flagged for manual reconciliation (same pattern as XFOR row above)"
GSK,GSK plc,2023-09-15,Approval,37.39,2023-09-14,37.43,2023-09-15,37.35,2023-09-18,0.11,https://query1.finance.yahoo.com/v8/finance/chart/GSK,Verified,
FOLD,Amicus Therapeutics,2023-09-28,Approval,,,,,,,,https://query1.finance.yahoo.com/v8/finance/chart/FOLD,Data unavailable - acquired/delisted,"FOLD delisted (Amicus acquired by BioMarin, closed Apr 2026); Yahoo historical series unavailable"
NVO,Novo Nordisk A/S,2023-09-29,Approval,91.52,2023-09-28,90.94,2023-09-29,91.8,2023-10-02,-0.63,https://query1.finance.yahoo.com/v8/finance/chart/NVO,Verified,
PFE,Pfizer Inc.,2023-10-12,Approval,33.11,2023-10-11,32.92,2023-10-12,32.11,2023-10-13,-0.57,https://query1.finance.yahoo.com/v8/finance/chart/PFE,Verified,
UCB.BR,UCB SA,2023-10-17,Approval,78.26,2023-10-16,72.46,2023-10-17,72.1,2023-10-18,-7.41,https://query1.finance.yahoo.com/v8/finance/chart/UCB.BR,Verified,Prices in EUR (Euronext Brussels UCB.BR); UCB won two novel approvals the same day (Zilbrysq and Bimzelx) - single market reaction covers both; Native currency EUR
CPRX,Catalyst Pharmaceuticals,2023-10-26,Approval,,,,,,,,https://query1.finance.yahoo.com/v8/finance/chart/CPRX,Data unavailable - acquired/delisted,Catalyst (CPRX) still listed (Angelini Pharma acquisition pending 2026) but Yahoo daily series does not extend to Oct 2023; price data could not be verified
LLY,Eli Lilly and Company,2023-10-26,Approval,586.46,2023-10-25,568.1,2023-10-26,560.23,2023-10-27,-3.13,https://query1.finance.yahoo.com/v8/finance/chart/LLY,Verified,
CHRS,"Coherus Oncology, Inc. (Coherus BioSciences at approval)",2023-10-27,Approval,2.74,2023-10-26,2.64,2023-10-27,3.01,2023-10-30,-3.65,https://query1.finance.yahoo.com/v8/finance/chart/CHRS,Verified,
TAK,Takeda Pharmaceutical Company Limited,2023-11-08,Approval,13.78,2023-11-07,13.77,2023-11-08,13.59,2023-11-09,-0.07,https://query1.finance.yahoo.com/v8/finance/chart/TAK,Verified,
BMY,Bristol-Myers Squibb Company,2023-11-15,Approval,50.52,2023-11-14,50.84,2023-11-15,50.84,2023-11-16,0.63,https://query1.finance.yahoo.com/v8/finance/chart/BMY,Verified,
CRMD,CorMedix Inc.,2023-11-15,Approval,3.13,2023-11-14,3.33,2023-11-15,3.8,2023-11-16,6.39,https://query1.finance.yahoo.com/v8/finance/chart/CRMD,Verified,
AZN,AstraZeneca PLC,2023-11-16,Approval,127.6,2023-11-15,128.26,2023-11-16,127.58,2023-11-17,0.52,https://query1.finance.yahoo.com/v8/finance/chart/AZN,Verified,
SWTX,SpringWorks Therapeutics,2023-11-27,Approval,,,,,,,,https://query1.finance.yahoo.com/v8/finance/chart/SWTX,Data unavailable - acquired/delisted,"SWTX delisted (SpringWorks acquired by Merck KGaA, closed Jul 1, 2025); Yahoo historical series unavailable"
NVS,Novartis AG,2023-12-05,Approval,98.99,2023-12-04,96.97,2023-12-05,97.05,2023-12-06,-2.04,https://query1.finance.yahoo.com/v8/finance/chart/NVS,Verified,
IONS,"Ionis Pharmaceuticals, Inc.",2023-12-21,Approval,48.33,2023-12-20,49.11,2023-12-21,51.19,2023-12-22,1.61,https://query1.finance.yahoo.com/v8/finance/chart/IONS,Verified,
